Date,Nifty Returns,Nifty Auto,NIFTY ENERGY,Nifty FMCG,Nifty IT,Nifty Media,Nifty Metal,Nifty PSU Bank,Nifty Realty,NIFTY BANK,NIFTY MEDIA,NIFTY CONSUMPTION,NIFTY MNC,NIFTY PSE,NIFTY COMMODITIES,NIFTY SERV SECTOR
2022-05-26,-1.0097130699722678,0.11581142,0.27512547,-0.2335344,-0.055944655,-0.035652924,0.15747988,-0.051060673,-0.13575888,0.14205328,-0.062005863,-0.32382488,-0.12970847,0.11221555,0.17262985,-0.5100266
2022-05-27,-1.7035072911963962,0.08676445,0.25253174,-0.24242887,-0.0425858,-0.011315511,0.1633584,-0.049556784,-0.15264902,0.253703,-0.05251267,-0.29179424,-0.14403355,0.10756584,0.1530861,-0.6058508
2022-05-30,0.4710003221406469,0.06565808,0.2024877,-0.25199988,-0.03867272,0.0117304595,0.16845284,-0.07090825,-0.18610322,0.20351022,-0.04034467,-0.2630208,-0.15101561,0.11253704,0.13732122,-0.63795245
2022-05-31,0.3871729198312005,0.07501594,0.16100925,-0.2612627,-0.033207923,0.031125065,0.1700318,-0.08515452,-0.21193327,0.04175397,-0.026016958,-0.2340377,-0.123683386,0.12069038,0.082787566,-0.59692264
2022-06-01,-0.5576284071611927,0.10793161,0.114735074,-0.26996735,-0.035470303,0.046882268,0.1928856,-0.07514347,-0.21841802,-0.13827316,-0.008370565,-0.20102964,-0.10824399,0.14808318,0.029938497,-0.4642649
2022-06-02,0.28346371516621693,0.14669368,0.079806134,-0.2778374,-0.032536972,0.0639406,0.20989452,-0.053145275,-0.19284524,-0.20987101,0.011594348,-0.16905029,-0.09401887,0.15315966,0.005132108,-0.41757834
2022-06-03,0.11976231097438104,0.16664952,0.040651668,-0.28522298,-0.032007936,0.07853029,0.2254956,-0.03628962,-0.18337415,-0.1742707,0.026670396,-0.14302549,-0.06212166,0.15140992,0.012830424,-0.395825
2022-06-06,0.9118210134833452,0.16990039,0.001413062,-0.29225007,-0.024777956,0.08766581,0.23750332,-0.015583294,-0.1678431,-0.0926037,0.03908819,-0.1277176,-0.024851782,0.16477744,0.046766378,-0.37571627
2022-06-07,0.380986951569323,0.16608359,-0.028338306,-0.30137336,-0.020012356,0.096588545,0.24361059,-0.0015467599,-0.1539795,0.014540995,0.052119937,-0.12716515,0.0012003891,0.14649867,0.07920911,-0.35475633
2022-06-08,-0.6575457624569702,0.12691237,-0.041511707,-0.31036794,-0.015561908,0.106461056,0.25710002,-0.003444838,-0.16325773,0.075741716,0.06253043,-0.14171344,-0.009052761,0.1463332,0.09313933,-0.35419905
2022-06-09,1.6362682906309303,0.07162478,-0.050272793,-0.3122176,-0.0164194,0.111709796,0.2611377,-0.014401364,-0.20383087,0.13863349,0.06972876,-0.17315723,-0.062009588,0.13757633,0.08615172,-0.44380787
2022-06-10,2.578331542879724,0.034944072,-0.05285028,-0.31270248,-0.014713879,0.11342811,0.2719933,-0.007071144,-0.2029102,0.14298236,0.07761617,-0.20860673,-0.06790211,0.16093072,0.079053186,-0.42235637
2022-06-13,0.288515598268369,0.03429846,-0.059754238,-0.31253555,-0.015486958,0.11518833,0.28955835,-0.0012384204,-0.16191575,0.05797311,0.08597086,-0.22987302,-0.061441667,0.18297967,0.07927391,-0.31508112
2022-06-14,0.27509788703887017,0.067435876,-0.072977215,-0.31212017,-0.0155149745,0.11514332,0.31570628,-0.013549338,-0.111148424,-0.05467371,0.09090108,-0.22643031,-0.037315704,0.21938415,0.10490387,-0.25102726
2022-06-15,2.061366264730927,0.12670894,-0.099538505,-0.31206074,-0.015958436,0.112992525,0.33094978,-0.0068029175,-0.063731454,-0.11719119,0.09229211,-0.20863378,-0.015798053,0.24403611,0.13704813,-0.22672284
2022-06-16,0.44788721184346214,0.18097584,-0.12873082,-0.31452736,-0.018254418,0.10800421,0.33525527,0.014025809,-0.096192025,-0.092685685,0.08978297,-0.18736258,0.003481106,0.25027353,0.15935162,-0.24161813
2022-06-17,-0.3100159571714529,0.18714048,-0.16269194,-0.3161084,-0.021385424,0.10183333,0.33919615,0.018051967,-0.13847573,-0.029882194,0.08378243,-0.1634285,-0.026162772,0.22657764,0.16243337,-0.23963761
2022-06-20,-1.6954751380589193,0.15991533,-0.18771088,-0.3179059,-0.020124167,0.09411467,0.3508834,-0.0016953421,-0.19610418,0.023114992,0.07226726,-0.15413116,-0.021410579,0.19703656,0.16469969,-0.23568216
2022-06-21,1.4088948999235602,0.11159295,-0.19704692,-0.31970805,-0.01859755,0.086146906,0.3540228,-0.015894739,-0.21683784,0.06698704,0.058604937,-0.1658385,-0.028216815,0.19971819,0.1690265,-0.2256853
2022-06-22,-0.8283137903524996,0.078349195,-0.21690774,-0.32203108,-0.020601086,0.07988999,0.36706442,-0.02777212,-0.21364973,0.06767224,0.049970962,-0.18795931,-0.026252767,0.21787225,0.171735,-0.19716048
2022-06-23,-0.8159728000948833,0.07990806,-0.21733806,-0.31925496,-0.023995858,0.074681886,0.3811411,-0.036391705,-0.21999402,0.07177662,0.041340332,-0.21559888,-0.03376068,0.21974011,0.17523262,-0.20900837
2022-06-24,-0.7507492828005156,0.1026542,-0.20840007,-0.3147558,-0.02619813,0.07100236,0.38796446,-0.020123376,-0.18432623,0.056267403,0.030261125,-0.23965675,-0.030595059,0.20730272,0.16949637,-0.17712176
2022-06-27,-0.07119655010757286,0.12701678,-0.21170902,-0.31622735,-0.02626216,0.069642,0.3986564,-0.0049617477,-0.13435377,0.0280445,0.014049197,-0.25577256,-0.03415166,0.23304604,0.18221372,-0.16575947
2022-06-28,0.33970348855771887,0.15650573,-0.21440709,-0.31769353,-0.02639082,0.07235742,0.40473306,0.0011206691,-0.061044447,0.01640379,0.0040343646,-0.2608623,-0.0004347982,0.2532325,0.19269963,-0.1483764
2022-06-29,0.1483144895815026,0.17206852,-0.21839151,-0.31877315,-0.026556902,0.07751401,0.40919027,0.019680241,-0.013136057,0.010303597,0.012405675,-0.25838903,0.016266393,0.260765,0.20172137,-0.1244834
2022-06-30,0.20420952333862868,0.15764974,-0.22498894,-0.31630144,-0.019223854,0.08568787,0.41451314,0.02480148,0.028000249,0.026489133,0.027609648,-0.24814431,0.02352122,0.25721586,0.20728193,-0.11678172
2022-07-01,-0.45730201810230076,0.1116199,-0.22551996,-0.31077242,-0.01916295,0.09460736,0.39602655,-0.004188777,-0.03742847,0.03020922,0.04385527,-0.26152048,-0.010222821,0.20975478,0.17452376,-0.21391362
2022-07-04,0.18162754806785142,0.05197759,-0.2186977,-0.30747423,-0.023151703,0.1036978,0.36301026,-0.03635779,-0.16634414,0.01851301,0.05647107,-0.28546724,-0.06230125,0.16418096,0.11581669,-0.411777
2022-07-05,-1.0137809993882445,0.0027919263,-0.2244013,-0.30612975,-0.027817257,0.1111814,0.37125376,-0.04031564,-0.25382748,0.037761465,0.066629425,-0.30506507,-0.074696586,0.1795209,0.09627988,-0.4607012
2022-07-06,-0.7959788627546872,0.0068983203,-0.22275074,-0.3002733,-0.030861989,0.11376824,0.38294345,-0.035407066,-0.28326106,0.03966686,0.07844695,-0.31349602,-0.07587188,0.19974853,0.07197518,-0.42951253
2022-07-07,-0.4710270793470212,0.040935144,-0.21074957,-0.29473567,-0.032697916,0.11626731,0.38437188,-0.012071473,-0.27037194,0.051675536,0.08582746,-0.2907226,-0.08240846,0.21206717,0.053942993,-0.4689954
2022-07-08,0.06285478467067028,0.07158886,-0.20559458,-0.295139,-0.03486147,0.117881946,0.39596358,0.009623635,-0.25571188,0.060217094,0.08367187,-0.24771015,-0.07811112,0.23477781,0.063666664,-0.4740824
2022-07-11,0.9576299176025759,0.08553393,-0.18927827,-0.30517372,-0.034388073,0.12105432,0.3752447,0.006533591,-0.2645872,0.055831794,0.06571646,-0.19325402,-0.07554095,0.20773523,0.03753156,-0.65603673
2022-07-12,0.5747917012305841,0.07335334,-0.19771527,-0.30393583,-0.03341206,0.1206666,0.3755517,0.0153629,-0.21256876,0.056642562,0.056699783,-0.1420743,-0.025805214,0.21784413,0.060693096,-0.53405267
2022-07-13,0.20106460566426737,0.076658495,-0.16930835,-0.30376357,-0.029926628,0.122042544,0.35465193,0.020678831,-0.15385999,0.053358946,0.056034986,-0.09126022,-0.008967096,0.19876401,0.04165642,-0.56034815
2022-07-14,-0.6100282933461284,0.08061471,-0.14476572,-0.3029911,-0.02986456,0.12316447,0.34177384,0.014900247,-0.11926054,0.06272577,0.06314799,-0.062017046,-0.0035966486,0.18513839,0.01003049,-0.5710722
2022-07-15,-1.28535480442578,0.07896382,-0.1334711,-0.2971452,-0.03168137,0.119901255,0.34204245,0.015441613,-0.09204033,0.07925319,0.07708361,-0.06354169,-0.0063177515,0.19441985,-0.0063043674,-0.54712
2022-07-18,-0.32003127787280067,0.07945663,-0.12454553,-0.2951171,-0.03376002,0.118621536,0.3442967,0.017457077,-0.08304475,0.09373591,0.08666129,-0.09349472,-0.010114981,0.20873311,-0.011827224,-0.53550804
2022-07-19,-0.9876933524365484,0.07542925,-0.09056361,-0.29691118,-0.035430595,0.11459446,0.34079984,0.016432574,-0.09369568,0.08185904,0.08995869,-0.14270788,-0.0032095052,0.22454014,-0.00537159,-0.5582916
2022-07-20,-0.44063743829384067,0.059461698,-0.06486657,-0.2999333,-0.03742398,0.109951966,0.32375103,0.031848326,-0.12799625,0.07697849,0.08589046,-0.19789515,0.01038502,0.22842968,0.0088522015,-0.49275175
2022-07-21,-0.6045997140745569,0.056705505,-0.040756755,-0.3048386,-0.03769403,0.104101524,0.31986338,0.043144938,-0.1802926,0.0764893,0.076914564,-0.23960684,0.02211216,0.22590536,0.013789383,-0.44485146
2022-07-22,0.535224785845637,0.06959828,-0.03692864,-0.31316844,-0.036802266,0.09786611,0.32648477,0.05710938,-0.18784836,0.086305134,0.070878945,-0.2736413,0.04077267,0.23426285,0.03734231,-0.41046625
2022-07-25,0.8737956373040782,0.086238556,-0.03334886,-0.3198445,-0.03579972,0.09128629,0.33917046,0.06386945,-0.20543998,0.09250485,0.06564468,-0.29692608,0.0643709,0.23830031,0.057669863,-0.37687624
2022-07-26,-0.8542544239994778,0.09289783,-0.020932607,-0.32370064,-0.03752372,0.085121624,0.35391802,0.07789062,-0.24136095,0.078812435,0.062253475,-0.3136946,0.08537227,0.24706458,0.07878553,-0.40722755
2022-07-27,-1.5587261855559968,0.08601453,-0.025156744,-0.29451773,-0.03945347,0.07552151,0.35947272,0.084227555,-0.2900435,0.093421094,0.043877255,-0.32561192,0.09681251,0.2549234,0.086734235,-0.47347248
2022-07-28,-1.2140418788170568,0.07582807,0.0007826628,-0.29989386,-0.048393488,0.063674994,0.3293645,0.05156384,-0.39564097,0.07630707,0.00038193166,-0.33373114,-0.007710673,0.19496784,0.013248265,-0.6465871
2022-07-29,-0.9474407053002138,0.021684825,0.017864192,-0.31239268,-0.053639553,0.060870904,0.31628823,0.050264124,-0.4615137,0.07323628,-0.02332123,-0.33663172,-0.016717287,0.15641798,-0.05162535,-0.6471538
2022-08-01,0.007041572379746318,-0.010799842,0.02355363,-0.32886368,-0.04631954,0.06337852,0.328292,0.053325348,-0.45623654,0.10349659,-0.025669355,-0.33789888,-0.021570139,0.16335875,-0.10277999,-0.5373176
2022-08-02,-0.19416505061416395,0.013109917,0.06850371,-0.34173653,-0.03425627,0.07106526,0.30394903,0.04842813,-0.43960613,0.1071458,-0.01250561,-0.29812846,-0.039199933,0.13625167,-0.19062284,-0.5726535
2022-08-03,0.0694402654382495,0.046354927,0.11086977,-0.34292027,-0.036255144,0.080022454,0.30232581,0.037495587,-0.4097097,0.10324065,0.018064808,-0.23735511,-0.036327317,0.11537564,-0.26842204,-0.6697503
2022-08-04,-0.047347846989045164,0.07946646,0.18631203,-0.31782126,-0.043450613,0.09409372,0.2832441,-0.0037808998,-0.40370965,0.10388794,0.035316214,-0.14229195,-0.065178804,0.05341521,-0.36075094,-0.83432305
2022-08-05,-0.6468803042619067,0.09091608,0.26543972,-0.31073067,-0.05016206,0.114926085,0.2241122,-0.04008585,-0.42517436,0.10082795,0.04270016,-0.033507813,-0.10968626,0.0002902737,-0.4838943,-0.93680036
2022-08-08,-0.015394087742754357,0.036191635,0.32200992,-0.29728475,-0.051967286,0.13730225,0.18486151,-0.051404197,-0.44595113,0.03723008,0.059512407,0.030448839,-0.109939314,0.009807872,-0.6053745,-0.91153705
2022-08-10,-0.6239038569374961,-0.03310281,0.4029674,-0.30232653,-0.048597686,0.16385138,0.14461784,-0.04345161,-0.46120027,0.011860622,0.08857375,0.07134226,-0.09883238,0.023241244,-0.7208371,-0.8589157
2022-08-11,-0.1713055132904784,-0.06570688,0.49881974,-0.3046984,-0.04750274,0.18330888,0.12691304,-0.01613264,-0.4665132,0.040685907,0.1316818,0.1069022,-0.0628016,0.059478424,-0.7846604,-0.8231556
2022-08-12,-0.6327458020916154,-0.08904674,0.56354445,-0.27311894,-0.058900405,0.19179465,0.13617985,0.023861844,-0.44180423,0.06558562,0.17551461,0.09485417,-0.005326744,0.090352595,-0.7273748,-0.6383818
2022-08-16,-0.5859597855296294,-0.017221985,0.660633,-0.28687277,-0.053706717,0.19852254,0.10419403,0.058585424,-0.41479516,0.03548183,0.2032449,0.15149893,0.076946996,0.09097623,-0.59127116,-0.6461654
2022-08-17,-0.027764303859478496,-0.01010943,0.6982475,-0.28437722,-0.05274242,0.18438935,0.09781777,0.07321887,-0.37103802,0.05861894,0.20600009,0.14726101,0.15355244,0.1249684,-0.4376933,-0.5233243
2022-08-18,1.0826025420036773,-0.005206491,0.7185813,-0.27350032,-0.050141387,0.15996312,0.10007268,0.07279643,-0.3012671,0.07967257,0.18854553,0.16984776,0.21577084,0.14965667,-0.3401745,-0.48574105
2022-08-19,1.4724988627270246,-0.0048913145,0.7206722,-0.25110188,-0.050628647,0.13900872,0.08353538,0.058164593,-0.23732738,0.20564142,0.16275129,0.1852287,0.26135916,0.1509075,-0.32182962,-0.52335584
2022-08-22,-0.4270727015104239,-0.016394299,0.716305,-0.21463504,-0.048079126,0.12309914,0.06747746,0.03584491,-0.2047357,0.21001135,0.13518149,0.20841111,0.30313218,0.1344703,-0.37631506,-0.55503005
2022-08-23,-0.11004453295013877,-0.022416921,0.71083343,-0.22984241,-0.041770402,0.109600425,0.04274173,0.012698112,-0.2188788,0.10852714,0.10581122,0.23833202,0.35801616,0.09612302,-0.49312016,-0.62256014
2022-08-24,0.4779844010407067,-0.060303994,0.6794137,-0.22864504,-0.043926448,0.097963914,0.041839764,-0.010108952,-0.22762084,-0.042795412,0.080281585,0.20886028,0.3719306,0.12114692,-0.595863,-0.5800208
2022-08-25,-0.15852862935706247,-0.057654075,0.6688289,-0.23425935,-0.047848955,0.08985077,0.05456606,-0.027108787,-0.2422571,-0.108555235,0.06476833,0.18493655,0.3874744,0.12454714,-0.59206134,-0.60017574
2022-08-26,1.369379946489398,-0.027028793,0.6725693,-0.23688208,-0.06242158,0.08566935,0.0653223,-0.039972868,-0.26751217,-0.08578302,0.05679462,0.15864627,0.4001727,0.11713002,-0.4299368,-0.53618366
2022-08-29,-2.3221088318349294,-0.017368028,0.6449954,-0.25737602,-0.047440648,0.085650004,0.068661064,-0.04474118,-0.29547587,-0.03037463,0.054696523,0.12634604,0.40456465,0.12375179,-0.19739485,-0.47988853
2022-08-30,1.1941359718714841,-0.025734643,0.60961854,-0.26731926,-0.044109102,0.08799482,0.08922285,-0.035332028,-0.30013722,0.03904321,0.06678502,0.04827364,0.40181717,0.14747947,-0.047681104,-0.45981404
2022-09-01,0.05417058866254495,-0.015018869,0.5857504,-0.2786692,-0.04068379,0.09263046,0.09145112,-0.02877258,-0.29321346,0.095506296,0.08125644,0.01828378,0.40232894,0.14517783,-0.018186282,-0.49650827
2022-09-02,-0.6348111227664129,-0.014130751,0.53091323,-0.27733243,-0.036868017,0.09804389,0.103810094,-0.017762583,-0.2895419,0.18253216,0.09166256,-0.01898177,0.38919073,0.16297933,-0.07820515,-0.51063883
2022-09-05,0.09045194776863055,-0.017146429,0.4875465,-0.27033705,-0.031670313,0.104677685,0.093555555,-0.0031235905,-0.28862622,0.19937202,0.09148529,-0.0453078,0.36800167,0.14841485,-0.18916717,-0.50162715
2022-09-06,0.20233053458644948,-0.035204463,0.42890677,-0.24662927,-0.02542343,0.110615,0.093243636,0.011964894,-0.2857006,0.18453135,0.08964926,-0.08693023,0.32807207,0.15989678,-0.29147738,-0.45238766
2022-09-07,-0.8828122018591485,-0.037754536,0.39366612,-0.24422617,-0.021323059,0.117300875,0.09532855,0.038191933,-0.29212007,0.092189915,0.08840782,-0.11519893,0.28078562,0.171235,-0.29890665,-0.48358485
2022-09-08,-0.1457899106414454,-0.004948085,0.3391923,-0.24333058,-0.0197565,0.122425795,0.12689917,0.058195338,-0.2591219,-0.013315007,0.093226396,-0.17370787,0.16857056,0.19844802,-0.16845009,-0.48733333
2022-09-09,-0.5025395866611267,0.031348497,0.28217983,-0.2595551,-0.019931562,0.12872921,0.12113002,0.066152416,-0.23227431,-0.09489886,0.09832889,-0.22973007,-0.02120955,0.210624,-0.015785031,-0.51265866
2022-09-12,-0.6579593574828629,0.07687753,0.2310431,-0.2803304,-0.020921808,0.13262199,0.12395494,0.075429834,-0.21139395,-0.09600461,0.10516038,-0.2858932,-0.03596875,0.2118496,0.08286176,-0.4551563
2022-09-13,0.3817560223318935,0.11426293,0.17361075,-0.29291946,-0.020506486,0.13536933,0.15517108,0.07372228,-0.18837023,-0.033878352,0.110986486,-0.3121169,-0.08530495,0.2286055,0.11251234,-0.40124762
2022-09-14,0.6993425956336116,0.12198772,0.118114665,-0.30681294,-0.02245567,0.13401398,0.17966667,0.06584304,-0.19530135,0.036993805,0.117611185,-0.29223818,-0.1113915,0.22738044,0.08649509,-0.4537561
2022-09-15,1.890942174717679,0.096622825,0.07563315,-0.30895072,-0.024815109,0.13115054,0.19388568,0.078896984,-0.20332018,0.11044022,0.12136905,-0.26779306,-0.11601223,0.21533819,0.031757053,-0.51333594
2022-09-16,-0.45038506154814945,0.06449002,0.03128277,-0.31836265,-0.026960954,0.12519228,0.23982681,0.09458425,-0.21233758,0.1547815,0.12196958,-0.23883015,-0.11073432,0.207997,-0.019634083,-0.5245313
2022-09-19,-0.9853914190133921,0.059297822,-0.008352911,-0.32730243,-0.026683308,0.11984952,0.27093732,0.12769514,-0.20926347,0.12198196,0.11821975,-0.21368743,-0.08478191,0.2247011,-0.039547455,-0.48527607
2022-09-20,0.5546492623443358,0.08177134,-0.021238027,-0.32399106,-0.02786177,0.1144054,0.2743272,0.16100003,-0.24625076,0.019743478,0.108965315,-0.18518265,-0.091695495,0.19780889,-0.045480724,-0.4957029
2022-09-21,0.5074854745982527,0.09147057,-0.017284527,-0.32251906,-0.026419431,0.108623855,0.2737399,0.16199099,-0.284431,-0.045507226,0.095368944,-0.1355094,-0.12465409,0.16620362,-0.07723266,-0.5582965
2022-09-22,1.6739366661589172,0.06899707,-0.030667245,-0.29302543,-0.024041262,0.103393674,0.29659867,0.15427633,-0.28410017,-0.04407715,0.0860155,-0.08513672,-0.141156,0.16718611,-0.07882529,-0.44700277
2022-09-23,1.7512778969426779,0.03667818,-0.027115941,-0.2842398,-0.024699382,0.09966695,0.3228468,0.14298399,-0.26148763,0.016024178,0.06760123,-0.012482765,-0.15333517,0.17199324,-0.057863392,-0.4032822
2022-09-26,0.08534213639318869,0.017120428,-0.025932657,-0.28353265,-0.026747994,0.09877546,0.34201872,0.13967809,-0.24559464,0.082100324,0.0527604,0.050963253,-0.15888529,0.19207212,-0.018005647,-0.38517478
2022-09-27,0.8643625646398356,0.026244048,-0.0020356008,-0.2830734,-0.02852074,0.103898905,0.327241,0.14178753,-0.26188087,0.12539648,0.04243935,0.14052655,-0.1776545,0.1979757,-0.018050134,-0.38487056
2022-09-28,0.2621794615209919,0.04231885,0.025847055,-0.27861807,-0.028700925,0.116330385,0.3278891,0.15019889,-0.27337244,0.11651858,0.044780686,0.24770191,-0.21293557,0.1916699,-0.032335807,-0.45012262
2022-09-29,-1.4799681251430117,0.039770126,0.052093778,-0.2683725,-0.029704496,0.13571633,0.3303711,0.16495274,-0.27593037,-0.0023478237,0.0669076,0.34735215,-0.24274679,0.15516652,-0.077743,-0.48427197
2022-09-30,1.1862971717057607,0.0148464665,0.099709906,-0.2847706,-0.03114152,0.15707001,0.32293028,0.18062295,-0.30690178,-0.12182815,0.10904832,0.412029,-0.26335606,0.1484901,-0.1571332,-0.5724321
2022-10-03,-2.0654322004329315,-0.02701356,0.14534937,-0.288023,-0.033247177,0.17271349,0.33086494,0.19583413,-0.35132387,-0.12923302,0.1568524,0.44081753,-0.25717902,0.1651237,-0.22704948,-0.5695494
2022-10-04,-0.27502538394324566,-0.04657676,0.19019692,-0.31290016,-0.032734632,0.17096488,0.3266139,0.20630138,-0.3715703,-0.061458535,0.18632767,0.46137887,-0.23357704,0.18104614,-0.2670816,-0.5287074
2022-10-06,0.12917522268570739,-0.045323163,0.22456561,-0.3072357,-0.030754957,0.15095001,0.32561046,0.21340872,-0.3694091,0.04057922,0.18023917,0.44298676,-0.179114,0.22211182,-0.252345,-0.4350376
2022-10-07,0.43703725592919523,-0.02725607,0.26093942,-0.3093,-0.029633157,0.10677795,0.32324457,0.21511482,-0.3285731,0.10583826,0.14393458,0.44588143,-0.11611221,0.24758947,-0.19669887,-0.446367
2022-10-10,1.458482015352174,0.0034646825,0.26933566,-0.3352154,-0.030318689,0.072630346,0.29583564,0.21547377,-0.2822055,0.18619889,0.106231526,0.44644684,-0.047535844,0.25576448,-0.13082688,-0.5011524
2022-10-11,-0.73110896709811,0.03238193,0.2646517,-0.34680232,-0.0307891,0.0525298,0.29325294,0.21432243,-0.25170916,0.21998845,0.077310264,0.3823146,0.025440715,0.23581518,-0.08196081,-0.506822
2022-10-12,0.6386850355632716,0.02369032,0.21418396,-0.34400806,-0.031622883,0.047433533,0.30742496,0.19277498,-0.19620888,0.16122632,0.060849294,0.2840461,0.09123078,0.24521653,-0.038301755,-0.450214
2022-10-13,-0.899218734967778,0.033800133,0.1760102,-0.33461648,-0.03306034,0.05527959,0.3228354,0.19442362,-0.11590349,0.019601643,0.057636753,0.20059454,0.1412444,0.23920843,-0.00978542,-0.407511
2022-10-14,-0.647178242035988,0.03878206,0.14110813,-0.33135483,-0.032557532,0.06591102,0.3288331,0.19952996,-0.05050998,-0.07688027,0.061773624,0.10821146,0.16972241,0.24725781,0.006650851,-0.49692276
2022-10-17,-0.903485356642861,0.020696675,0.11131136,-0.33737913,-0.03125541,0.07250049,0.3426344,0.21156989,-0.015170852,-0.07214261,0.06656112,-0.033153772,0.1847096,0.2621531,0.025688183,-0.5232235
2022-10-18,-0.09930848331279199,0.0036730953,0.08248887,-0.3556957,-0.03534877,0.07055405,0.3329832,0.22566819,-0.04833688,-0.060553007,0.063197106,-0.18119724,0.18926577,0.23731993,0.026970055,-0.5685071
2022-10-19,-0.2399246491138941,0.0047955755,0.092216834,-0.37266213,-0.039626278,0.062303677,0.31759968,0.23452885,-0.14433691,-0.010602752,0.047499258,-0.30481443,0.18419412,0.21557432,0.0019290969,-0.63428
2022-10-20,-0.02969099669945037,-0.00092190877,0.104876265,-0.3947098,-0.03180968,0.057509392,0.32557374,0.25270718,-0.25474086,0.048051037,0.03597252,-0.37765115,0.16960059,0.21345802,-0.0056452276,-0.61484337
2022-10-21,-0.7810330609135725,0.006991539,0.1379039,-0.41376925,-0.033375517,0.05151005,0.31564385,0.23482692,-0.3762555,0.13971172,0.021620002,-0.4116563,0.14304295,0.19254315,-0.04727639,-0.69478035
2022-10-24,0.4315942991584034,0.006803007,0.15948488,-0.42834002,-0.03197874,0.049699586,0.32505572,0.23084569,-0.443384,0.1670125,0.014796494,-0.40165067,0.1141736,0.21019831,-0.06930345,-0.7333701
2022-10-25,-0.3901053336559743,-0.0073448513,0.18898535,-0.43429267,-0.025234565,0.05053172,0.33700854,0.24260801,-0.48877242,0.08954569,0.013774652,-0.3653268,0.07675554,0.22059041,-0.08486237,-0.6510226
2022-10-27,-0.22671839339393793,-0.01854612,0.21345927,-0.42173803,-0.02472797,0.055077285,0.3574614,0.25109187,-0.46778336,-0.11548972,0.023897864,-0.30065075,0.03476683,0.24261424,-0.068628535,-0.5769972
2022-10-28,-1.137827564199975,-0.002427197,0.25696188,-0.40558448,-0.030212618,0.05709184,0.33455285,0.23392731,-0.4482983,-0.1986856,0.017770074,-0.1835895,-0.06400051,0.204196,-0.094837725,-0.73505473
2022-10-31,-0.6524913401862766,0.009483414,0.29701138,-0.4269027,-0.03689967,0.062455934,0.30777326,0.19754736,-0.4412421,-0.15558642,0.0055245305,-0.032590292,-0.14872272,0.13393636,-0.1485641,-0.87489843
2022-11-01,0.3607877227901176,-0.034497395,0.2936915,-0.42453924,-0.046026833,0.0722171,0.30882987,0.17994492,-0.40912712,-0.0533041,0.0052761445,0.004476465,-0.15092622,0.15077707,-0.19152716,-0.80430025
2022-11-02,0.1929391558579759,-0.021822114,0.2989478,-0.40528256,-0.06091777,0.0861068,0.3068218,0.17563446,-0.38724843,0.0214548,0.011827962,0.12068302,-0.18975507,0.15694807,-0.25172684,-0.7424336
2022-11-03,-0.297530389278682,0.007281855,0.34580693,-0.3872796,-0.069755726,0.10955605,0.25756896,0.16437513,-0.3868525,0.044769876,0.016114365,0.2606868,-0.2439134,0.11490792,-0.35408542,-0.82932913
2022-11-04,-0.40522747093060135,0.016960112,0.38115886,-0.3390295,-0.077572204,0.14025627,0.21303025,0.16128758,-0.40016356,0.04841823,0.039726287,0.36977482,-0.25687385,0.07729982,-0.4748397,-0.8790399
2022-11-07,0.2729096599559726,0.030780528,0.44211078,-0.33657354,-0.06800679,0.19350733,0.13179772,0.14820302,-0.43224666,0.08405097,0.08280094,0.49277222,-0.2478603,0.023027636,-0.66009694,-0.9768509
2022-11-09,0.7065525096038302,-0.059813574,0.42937666,-0.33571836,-0.07280855,0.22341168,0.17287645,0.17433259,-0.41861495,0.12095178,0.17667013,0.48269612,-0.17165859,0.08779528,-0.73071134,-0.7272042
2022-11-10,-1.60760623461647,-0.08698323,0.464583,-0.32911235,-0.08239466,0.24363023,0.18709219,0.21477935,-0.37660873,0.14905365,0.2625078,0.49622756,-0.071874246,0.12246831,-0.6695778,-0.6126465
2022-11-11,0.14142736572959236,-0.06234096,0.50892574,-0.30405337,-0.085891694,0.25392804,0.19272742,0.2441279,-0.33851007,0.15117554,0.29566658,0.5054636,0.053234592,0.13009249,-0.4914166,-0.5752246
2022-11-14,-0.34229461441969833,-0.01940694,0.5364935,-0.29095608,-0.09258584,0.23928085,0.18369398,0.256163,-0.29645357,0.06962406,0.27158472,0.534608,0.17732248,0.13569695,-0.32243615,-0.65912604
2022-11-15,0.004389654586936923,-0.0043225344,0.52068424,-0.26809904,-0.09732044,0.1924415,0.18604745,0.2513781,-0.24882181,-0.039265864,0.20999485,0.53105354,0.2595147,0.15847573,-0.24004525,-0.6617739
2022-11-16,0.37253210285084787,0.0015153242,0.49444526,-0.23513587,-0.098736845,0.13368018,0.17141773,0.23815931,-0.2122751,-0.119975604,0.13929075,0.4979205,0.30788016,0.16895452,-0.25807056,-0.58685917
2022-11-17,0.2220162977128464,-0.0054127835,0.49245545,-0.271784,-0.104936905,0.07599283,0.13774738,0.21198346,-0.21745126,-0.12973125,0.07603021,0.4734682,0.34803498,0.13662867,-0.3859909,-0.64807194
2022-11-18,0.7993379963408984,-0.053753972,0.47769228,-0.27519557,-0.09438975,0.016272852,0.13920213,0.19120641,-0.2322738,-0.07816896,0.027559921,0.36766765,0.343478,0.14618169,-0.57787645,-0.73419696
2022-11-21,-0.3970240341526071,-0.056871586,0.47170252,-0.2938188,-0.07159093,-0.023885619,0.13929382,0.17207827,-0.25597697,0.0026338804,-0.0026968066,0.28268933,0.36639988,0.1450457,-0.7558626,-0.8175032
2022-11-22,-0.08214975773320342,-0.051766947,0.4380727,-0.28354767,-0.06519572,-0.05805879,0.16853525,0.16668808,-0.27148443,0.08201455,-0.015839491,0.13523422,0.3733885,0.15966424,-0.74930084,-0.67988414
2022-11-23,-1.0644606429476584,-0.011668062,0.42217645,-0.24548504,-0.057849284,-0.071691394,0.18060084,0.15198001,-0.29272673,0.15842095,-0.016373083,0.05295589,0.40694326,0.15730584,-0.5187304,-0.68110794
2022-11-24,-0.10895871074465424,0.0314046,0.41177744,-0.2186697,-0.057020213,-0.08091526,0.19947177,0.14861839,-0.31410572,0.18567443,-0.011712786,0.014827814,0.43559572,0.15288633,-0.22541796,-0.70366746
2022-11-25,-0.21647652696098274,0.03684048,0.39799753,-0.20668848,-0.051262464,-0.090984896,0.20529751,0.14995842,-0.32928827,0.053822845,-0.00943834,-0.034219153,0.45320088,0.13404705,-0.070272624,-0.71574515
2022-11-28,-0.24243843646644525,0.014714959,0.36834854,-0.20911765,-0.051226147,-0.10114633,0.21933508,0.16314586,-0.33378866,-0.11920642,-0.015362695,-0.107572354,0.45977446,0.14596584,-0.05700151,-0.6478309
2022-11-29,-0.6654863733057882,0.0020546461,0.34448767,-0.2550575,-0.044510063,-0.09491209,0.19904152,0.1849043,-0.33599332,-0.16612947,-0.024915911,-0.15326555,0.4647302,0.15192597,-0.14885604,-0.63553095
2022-11-30,-0.23382063235092004,-0.01783462,0.31557018,-0.2876042,-0.048393488,-0.082728066,0.18941393,0.18905862,-0.31433082,-0.13719596,-0.036287647,-0.22066903,0.4165225,0.15996902,-0.30155647,-0.5876942
2022-12-01,0.6203771280038494,-0.009675404,0.2986836,-0.28236982,-0.07338803,-0.0754541,0.2051411,0.18171726,-0.2896945,-0.050605267,-0.04623063,-0.26094463,0.35614493,0.17759053,-0.41914472,-0.54766744
2022-12-02,0.01140219733344527,0.015893783,0.27773526,-0.26007235,-0.08208304,-0.057160437,0.20331165,0.17562605,-0.27462003,0.034285508,-0.048876572,-0.23953883,0.3172518,0.19513978,-0.41908535,-0.5885686
2022-12-05,0.3296516882695778,0.03564572,0.24716395,-0.28047165,-0.092528105,-0.025945663,0.18914464,0.17158079,-0.28075698,0.116057254,-0.042830184,-0.186155,0.21567228,0.20065911,-0.3128895,-0.6177482
2022-12-06,0.4520149172362558,0.021408385,0.21995756,-0.291864,-0.095459074,0.0006286092,0.17892589,0.17222872,-0.30298766,0.15652484,-0.03046155,-0.17061414,-0.080059595,0.20964019,-0.1958875,-0.56317407
2022-12-07,-0.2100437497015277,0.012711892,0.2200304,-0.29453996,-0.08761671,0.017397165,0.16218142,0.16547072,-0.3391871,0.15496013,-0.01574566,-0.14720023,-0.3325307,0.18190141,-0.14425536,-0.54320717
2022-12-08,0.6081610435675289,0.03549407,0.25981122,-0.3101143,-0.07786647,0.047157876,0.15372114,0.14316122,-0.39087757,0.114105694,5.052332e-05,-0.07232647,-0.4595601,0.14045219,-0.1864618,-0.73018306
2022-12-09,0.033448478160405734,0.058929347,0.3397022,-0.3001496,-0.07630518,0.0781524,0.08613555,0.11064126,-0.4440353,0.07002209,0.012305761,0.019262519,-0.47525382,0.0783655,-0.3459955,-0.97019076
2022-12-12,-0.5226708006600502,0.085842215,0.40416324,-0.3147669,-0.07589054,0.10591607,0.049358506,0.08379758,-0.48559076,0.036305286,0.020664744,0.063358285,-0.46646073,0.05239686,-0.65693295,-1.0019283
2022-12-13,-0.22672360207120545,0.10810202,0.44312015,-0.344587,-0.06969157,0.06925468,0.06034225,0.08024662,-0.49208322,0.05906434,0.010608992,0.028716639,-0.46105152,0.10834565,-0.99913377,-0.90867776
2022-12-14,1.286546210541582,0.12867035,0.53179985,-0.38512716,-0.06059069,0.06439368,0.024491733,0.07894069,-0.4871436,0.075770445,0.0035794405,0.09439367,-0.40341213,0.09101726,-1.1174153,-0.8288501
2022-12-15,0.7855347745410721,0.12186519,0.6445932,-0.39955336,-0.052085187,0.03620762,-0.020416891,0.069271535,-0.4757459,0.08873474,-0.013508819,0.11748135,-0.32393748,0.0651533,-0.8577068,-0.81108123
2022-12-16,-0.7351523452842021,0.11829791,0.734859,-0.4076315,-0.051820423,0.013345965,-0.04869702,0.059499823,-0.46680313,0.09617715,-0.028442021,0.08442287,-0.24176882,0.05889416,-0.52348185,-0.64915
2022-12-19,0.21561023271355462,0.13152853,0.7937303,-0.39092097,-0.04832826,-0.025867935,-0.07281817,0.048669014,-0.45140788,0.10328974,-0.04459566,0.06135439,-0.15178463,0.08267791,-0.4025882,-0.65222436
2022-12-20,0.9961781513114435,0.13238303,0.8358831,-0.3827626,-0.047368526,-0.04942446,-0.0896411,0.032998584,-0.4145578,0.10606076,-0.053587854,0.048642404,-0.09160366,0.09744683,-0.77420104,-0.69240576
2022-12-21,0.4076041024781081,0.1190263,0.86612725,-0.37557393,-0.041662764,-0.079925686,-0.05995434,0.014859863,-0.3762854,0.10105178,-0.06214717,0.04322787,-0.035305224,0.11117759,-1.0802162,-0.62913287
2022-12-22,1.725197056551604,0.10345993,0.91043955,-0.36805624,-0.0341696,-0.113074064,-0.056932304,-0.0026064825,-0.35624424,0.11509734,-0.07188607,0.040283043,0.012027057,0.11954711,-1.1626754,-0.57706344
2022-12-23,-1.0460093694315766,0.08839697,0.94729,-0.37331375,-0.02973517,-0.1431325,-0.07458674,-0.016019376,-0.31687886,0.02959072,-0.083401315,0.03911362,0.039297294,0.111185305,-0.8361299,-0.59042925
2022-12-26,-0.5727862977528866,0.08265284,0.96028775,-0.4010875,-0.026514642,-0.12570132,-0.09616847,-0.030436194,-0.3031023,0.05669802,-0.07777465,0.029673435,0.04528912,0.11610011,-0.24820295,-0.6753404
2022-12-27,0.08698242443600139,0.072672166,0.9554945,-0.4118839,-0.025266167,-0.10671782,-0.097842366,-0.03860293,-0.32554042,0.06895564,-0.07120775,-0.0039815074,0.00988294,0.11395459,0.14797802,-0.61765224
2022-12-28,-0.31705788103252014,0.061776012,0.9443809,-0.42235374,-0.022046309,-0.092286974,-0.088738665,-0.039005667,-0.33045197,0.09097432,-0.06194759,-0.04861099,-0.080682166,0.121755876,0.19666167,-0.5566919
2022-12-29,0.48034230000889144,0.07301589,0.93716997,-0.42226374,-0.01944707,-0.07622015,-0.06357707,-0.03458938,-0.3044436,0.10689738,-0.049422417,-0.0658293,-0.22532274,0.16852714,-0.09755052,-0.5656842
2022-12-30,-0.43886017419367435,0.08258659,0.9326397,-0.41752195,-0.022199232,-0.04400479,-0.051761456,-0.032649882,-0.30036792,0.1135356,-0.030053321,-0.024839498,-0.3025213,0.18109627,-0.57781184,-0.6785598
2023-01-02,-0.14438732908732144,0.074299745,0.9312165,-0.41864803,-0.02424777,-0.0022881841,-0.048539247,-0.032924417,-0.31529212,0.100589566,-0.008209601,0.0124712875,-0.36487874,0.15539964,-0.9481299,-0.7651424
2023-01-03,1.0221677793642736,0.06559185,0.9051392,-0.40938762,-0.017638989,0.05225518,-0.047159653,-0.036044985,-0.34167117,0.060689777,0.019650254,0.055183552,-0.3836899,0.15068041,-0.86411726,-0.7754139
2023-01-04,0.3011412356035981,0.056682162,0.89660645,-0.41310108,-0.010403129,0.13603649,-0.05915909,-0.040158264,-0.37857282,0.031136965,0.061680585,0.10057107,-0.4058821,0.11083816,-0.40407068,-0.84027493
2023-01-05,0.7333764934104652,0.024001678,0.88547575,-0.4025939,-0.011929837,0.23829232,-0.05714602,-0.041530274,-0.42089692,0.038515978,0.11689015,0.12668477,-0.42042744,0.10824897,0.052247234,-0.84261674
2023-01-06,-1.2168091799780445,0.0073186387,0.8617089,-0.37371072,-0.015626319,0.33639154,-0.0658245,-0.03982815,-0.4593209,0.06753385,0.17728513,0.15502065,-0.4263916,0.1386856,0.2822541,-0.8064275
2023-01-09,1.0158867459872836,0.009397282,0.85535175,-0.3538242,-0.019519549,0.4634577,-0.074610226,-0.037058994,-0.4609592,0.08200327,0.25399348,0.21499753,-0.41373727,0.15777014,0.31930843,-0.7638451
2023-01-10,0.13297751612990774,-0.021870915,0.8572431,-0.35461566,-0.023145124,0.50467455,-0.07760166,-0.033923667,-0.42700347,0.09919406,0.29013312,0.26316556,-0.40555215,0.15030828,0.15205863,-0.7506847
2023-01-11,0.2332590466187642,-0.050981686,0.82670885,-0.3341637,-0.026630718,0.46926683,-0.029181005,-0.028216453,-0.37511402,0.080166206,0.26249647,0.28681183,-0.3658943,0.17954679,-0.25196606,-0.6116495
2023-01-12,-0.477899068985153,-0.016057817,0.8027443,-0.37021527,-0.029347178,0.39601395,-0.006840948,-0.023707168,-0.30047646,0.080748245,0.2038537,0.3881679,-0.28275013,0.19317955,-0.7340593,-0.6229292
2023-01-13,0.3599988244804658,-0.0069915242,0.7404916,-0.3877974,-0.03128921,0.2503741,0.027091447,-0.004375318,-0.21712716,0.101174556,0.11771374,0.379183,-0.19874448,0.21079648,-0.84912896,-0.47955903
2023-01-16,-0.7872293153463592,-0.024043852,0.65099365,-0.3998649,-0.032806102,0.10195506,0.034620374,0.013696947,-0.16503598,0.10962818,0.047144268,0.37947482,-0.12726815,0.2456201,-0.22617868,-0.3994698
2023-01-17,-0.5424842081006352,-0.029472781,0.5433468,-0.36884168,-0.033787884,-0.03218641,0.031814374,0.034051243,-0.15091634,0.09723128,-0.011180282,0.39409193,-0.05662679,0.26456544,0.08654513,-0.43421796
2023-01-18,0.33416978814034226,0.009964908,0.43546247,-0.3568061,-0.034863636,-0.11094116,0.032974493,0.043878306,-0.17269215,0.052406058,-0.04100737,0.41419706,0.032720782,0.24284947,0.17403932,-0.54252744
2023-01-19,0.4536309729074591,0.0041092313,0.3117583,-0.32072684,-0.039009605,-0.14285524,0.034378346,0.03903329,-0.21657158,0.021470042,-0.048045285,0.30380908,0.106036395,0.23302858,0.16327485,-0.6624747
2023-01-20,-0.43446629171836965,0.007661731,0.21312305,-0.29016665,-0.03878518,-0.11864804,0.03926491,0.022202987,-0.2796971,0.04506936,-0.022792257,0.15619507,0.16561916,0.19045481,-0.08168795,-0.75758964
2023-01-23,0.03753679593725802,-0.015375804,0.14942873,-0.26298466,-0.04049269,-0.08303915,0.044146504,0.0043117544,-0.34148517,0.084630586,0.010523371,0.0021105055,0.17804962,0.169541,-0.50376797,-0.7765343
2023-01-24,1.223200846827215,-0.036752798,0.10722036,-0.29961917,-0.04253479,-0.013198557,0.08404712,-0.008455708,-0.39381725,0.11473277,0.06637797,-0.10331035,0.16133122,0.18180619,-0.46291924,-0.75905603
2023-01-25,1.5690159540538773,-0.05350122,0.0627997,-0.30759633,-0.032730952,-0.038138706,0.08790729,-0.0058002044,-0.41577458,0.1282369,0.05521462,-0.23199861,-0.015279315,0.20592023,-0.23305722,-0.7253711
2023-01-27,-0.2008525499346092,-0.03465405,0.03760519,-0.34033012,-0.025025297,-0.031447068,0.12136442,0.0153424125,-0.38222814,0.0913836,0.05142304,-0.2924763,-0.1751958,0.21516104,0.04075196,-0.5942208
2023-01-30,-0.03388372738066224,-2.5529414e-05,0.026353652,-0.33392316,-0.021808442,-0.035667006,0.11618396,0.036906913,-0.34853533,0.07257005,0.027152576,-0.31523713,-0.25349444,0.17592122,0.17411008,-0.62530553
2023-01-31,0.2804337772451201,-0.002359259,-0.0063555245,-0.34689656,-0.022554297,-0.07256586,0.11477923,0.06270296,-0.32415903,0.059961207,-0.020830028,-0.31559464,-0.28979635,0.15650678,0.037080634,-0.6071113
2023-02-01,0.06767777154929198,-0.046587862,-0.03346536,-0.359898,-0.02448313,-0.09912883,0.10972862,0.08424526,-0.3058172,0.07028157,-0.057176165,-0.32849857,-0.31162646,0.13504805,-0.27947384,-0.5831008
2023-02-02,-1.2441413649643707,-0.07232061,-0.05373851,-0.34900847,-0.022671342,-0.124404356,0.105886444,0.08376355,-0.30556682,0.07045291,-0.087326825,-0.33840984,-0.30891928,0.12124285,-0.33923963,-0.61916363
2023-02-03,0.5086753489420033,-0.06352565,-0.05317519,-0.35256547,-0.018110603,-0.10713976,0.08601956,0.06463406,-0.3317655,0.041924722,-0.08562729,-0.3100662,-0.3030137,0.08716677,-0.38085866,-0.6619234
2023-02-06,0.2644248463610047,-0.04359071,-0.05077204,-0.3420755,-0.015497983,-0.079774395,0.078280106,0.04029394,-0.36548313,0.09870705,-0.0728982,-0.28320634,-0.292284,0.06847171,-0.37298334,-0.6668954
2023-02-07,-0.7522757250898185,-0.015543807,-0.03754721,-0.36160782,-0.017723009,-0.02269949,0.07205398,0.01639121,-0.39921936,0.106573,-0.03553929,-0.23107792,-0.30743095,0.054704044,-0.26366884,-0.6608002
2023-02-08,-0.07780245102056138,-0.090615906,-0.019560754,-0.39093623,-0.02281195,-0.030944314,0.10323128,0.0033214404,-0.39538187,0.123769656,-0.029291179,-0.21732363,-0.33937263,0.10170193,-0.08912724,-0.57165366
2023-02-09,0.23038383446598334,-0.11775983,-0.03604901,-0.3928223,-0.024040427,-0.0377699,0.12528668,0.0008459892,-0.35635233,0.11780136,-0.018849881,-0.17870457,-0.32757667,0.1504183,0.008379283,-0.41098064
2023-02-10,0.4881731685777026,-0.11378831,-0.021630934,-0.41720504,-0.019543976,-0.060984895,0.12739198,0.00580497,-0.30599815,0.07617744,-0.027173363,-0.097845264,-0.28255248,0.16558665,0.042888295,-0.40490374
2023-02-13,-0.7955052811723128,-0.04716889,-0.002994546,-0.4139,-0.016587023,-0.0960093,0.12753099,0.0066191815,-0.25886253,0.03743974,-0.052165877,-0.018385448,-0.24607082,0.15511549,0.03283568,-0.4051748
2023-02-14,-0.4116293175749031,-0.021960653,-0.018071076,-0.4022311,-0.009460761,-0.13646232,0.13218771,0.009980113,-0.19108751,0.026902499,-0.08609035,0.062750325,-0.22032176,0.14513324,-0.015664846,-0.42989796
2023-02-15,-0.06779846337503655,-0.017808728,-0.06072751,-0.41199476,-0.011399488,-0.17042698,0.14427058,0.010494661,-0.09939836,0.06388246,-0.11774955,0.10547026,-0.2074731,0.19058825,-0.06375095,-0.45276442
2023-02-16,0.515445709444793,-0.0065705664,-0.10800414,-0.40816084,-0.014974481,-0.20586887,0.17292576,0.026076483,-0.049802125,0.08375865,-0.15133384,0.06349067,-0.20916677,0.22380419,-0.09858355,-0.4348851
2023-02-17,0.5599156774059572,0.021435136,-0.13697594,-0.41429552,-0.020340428,-0.21834025,0.19422571,0.037566375,-0.040592052,0.09824931,-0.16924271,-0.02221445,-0.22254436,0.21678746,-0.09006735,-0.3971825
2023-02-20,0.13045314167606994,0.06149543,-0.1672172,-0.43751487,-0.025193255,-0.21461047,0.21153745,0.062081605,-0.05169159,0.09896298,-0.17667583,-0.13526984,-0.24911864,0.19477725,-0.07062446,-0.4032714
2023-02-21,1.4921397827079799,0.10030075,-0.20806824,-0.44472358,-0.02808819,-0.20221882,0.23050289,0.10713764,-0.07962547,0.09011292,-0.17777404,-0.23793061,-0.26159868,0.20435622,-0.025425196,-0.57859296
2023-02-22,0.2669029215672911,0.13037996,-0.22737308,-0.44678298,-0.031057138,-0.18419646,0.24886481,0.14574002,-0.11661074,0.07873478,-0.17104271,-0.2934883,-0.27416342,0.20851631,0.026254827,-0.6679337
2023-02-23,0.2803871114546755,0.14243539,-0.2421498,-0.44278565,-0.0304728,-0.1373441,0.2706355,0.16063964,-0.16447183,0.09887966,-0.14180699,-0.3046326,-0.29002756,0.1990517,0.06766894,-0.7181959
2023-02-24,0.43058092348438193,0.14079419,-0.2544893,-0.45982867,-0.03081492,-0.1014028,0.27931795,0.16678181,-0.22529994,0.081537545,-0.11510894,-0.298126,-0.30980763,0.20118587,0.08666701,-0.6930732
2023-02-27,0.5174502474276509,0.121631585,-0.25859958,-0.4765101,-0.02416503,-0.09903492,0.26656172,0.16041772,-0.3284625,0.09567087,-0.104307964,-0.26273677,-0.34695408,0.2007687,0.062646694,-0.67535377
2023-02-28,-0.7538266832760128,0.09033643,-0.25790912,-0.48720488,-0.019139849,-0.06253709,0.27601582,0.17546566,-0.36665016,0.11101522,-0.071019016,-0.21840952,-0.35039547,0.21285519,0.0371632,-0.5878428
2023-03-01,0.7349634050763727,0.07265356,-0.26515216,-0.50070155,-0.023718655,-0.020985607,0.2933332,0.1958922,-0.36743712,0.1283379,-0.040377825,-0.17853267,-0.32676512,0.21841525,0.014771634,-0.5683183
2023-03-02,-1.416612204439374,0.08074457,-0.262535,-0.50486916,-0.030772228,0.009126481,0.29451713,0.21328424,-0.32121372,0.15032753,-0.021014744,-0.1515561,-0.27304116,0.23448461,-0.0078149,-0.5604279
2023-03-03,-0.5840710966645535,0.117123336,-0.26789427,-0.5148247,-0.035268374,0.019875938,0.30564302,0.22475679,-0.24223088,0.16146697,-0.016011134,-0.12968802,-0.22488095,0.24007593,0.000104834326,-0.51585305
2023-03-06,-0.1907331755273395,0.16723856,-0.28899878,-0.5175481,-0.035396498,-0.020671971,0.317421,0.24409015,-0.1588304,0.15740103,-0.04769371,-0.10202715,-0.14452937,0.25697625,0.04622592,-0.45757487
2023-03-08,0.9152911547020717,0.21175583,-0.31324446,-0.5254584,-0.035451893,-0.06310154,0.33368888,0.2545574,-0.090885684,0.08545627,-0.08089604,-0.065770335,-0.08764459,0.28843623,0.10059714,-0.41728127
2023-03-09,0.9883218069032548,0.23028429,-0.32074285,-0.5285027,-0.03945954,-0.10221682,0.31579098,0.2453166,-0.040007897,0.04049869,-0.11448693,-0.035333887,-0.04147678,0.29744905,0.118519634,-0.4741295
2023-03-10,1.4506172680536542,0.22421157,-0.34208065,-0.5344799,-0.041435484,-0.15178405,0.32218572,0.24525313,-0.014443412,0.046090197,-0.15351218,-0.031832203,0.0034602522,0.29850003,0.13609669,-0.41027862
2023-03-13,0.6472953974269585,0.21433455,-0.35616115,-0.54397094,-0.03976297,-0.1501513,0.29821435,0.23286206,-0.02682772,0.05849439,-0.1602343,-0.05359962,0.03843448,0.25412452,0.11357324,-0.5983464
2023-03-14,0.42956594927348773,0.23411879,-0.37519705,-0.5490272,-0.03665488,-0.14516495,0.30252004,0.21654937,-0.02657436,0.08403913,-0.1669684,-0.09608334,0.07103862,0.26055545,0.11372145,-0.5716571
2023-03-15,-0.038047035216045334,0.274911,-0.38375896,-0.55876094,-0.03592076,-0.13808604,0.30581978,0.18457757,-0.082667574,0.11468157,-0.16888294,-0.15870084,0.08657519,0.2534276,0.102926694,-0.53232425
2023-03-16,-0.5917186754548984,0.31820345,-0.39200774,-0.5693556,-0.027609732,-0.15408026,0.3071736,0.1623154,-0.114011265,0.15596575,-0.18047595,-0.23520593,0.106812164,0.26873165,0.10231485,-0.50110346
2023-03-17,0.6528620615578775,0.34710333,-0.39517042,-0.57946706,-0.02022522,-0.15877801,0.3024786,0.16026163,-0.13259381,0.13142668,-0.1811746,-0.30899844,0.12994047,0.27899668,0.1023278,-0.48691425
2023-03-20,-0.6169387816379245,0.36238354,-0.3802874,-0.59146726,-0.019868176,-0.13248357,0.26976928,0.17682004,-0.15651691,0.110811494,-0.16422844,-0.34991342,0.14142309,0.21800129,0.057384074,-0.48196748
2023-03-21,-0.2066336207725015,0.36994797,-0.3770183,-0.6005454,-0.02049182,-0.13966563,0.25909448,0.209391,-0.0992199,0.13115434,-0.17515495,-0.35821867,0.15171617,0.21551672,0.029754538,-0.46454108
2023-03-22,0.4483036352398446,0.32466963,-0.3722977,-0.607758,-0.017465074,-0.10383541,0.24606343,0.24126506,-0.059429273,0.13413838,-0.15823439,-0.35366705,0.15465292,0.23170668,0.0041960813,-0.5391735
2023-03-23,0.7662806305982253,0.2808893,-0.35165277,-0.5982441,-0.01637644,-0.063757576,0.22145051,0.2531452,-0.08425217,0.09141552,-0.13800624,-0.35189256,0.15751167,0.22821778,-0.045862727,-0.6652709
2023-03-24,-0.18828562128923776,0.22835279,-0.3158513,-0.5918775,-0.018271718,-0.026807964,0.19556668,0.23558085,-0.17458354,0.07294149,-0.118931524,-0.36681476,0.095007084,0.18421604,-0.13079305,-0.6864269
2023-03-27,0.224423055733727,0.21230835,-0.28769732,-0.59385175,-0.021157023,0.00024511665,0.18194908,0.21424773,-0.20653178,0.12305825,-0.09968639,-0.3626106,0.057487376,0.15098439,-0.20328963,-0.59946316
2023-03-28,-0.6723458244251223,0.23173933,-0.26313874,-0.5984619,-0.024037268,0.028787334,0.21907258,0.19712196,-0.20404603,0.14805079,-0.071658686,-0.34563705,0.027428698,0.16446818,-0.22456136,-0.5174814
2023-03-29,-1.4719251029777152,0.2727596,-0.22809525,-0.6078923,-0.025999617,0.025437675,0.24842124,0.18623379,-0.18761033,0.15357296,-0.061685614,-0.29829463,0.013329418,0.18390064,-0.19283293,-0.50190043
2023-03-31,-0.17030379244776672,0.3054872,-0.18807572,-0.61856383,-0.027060173,0.011274656,0.2206393,0.17380372,-0.16017129,0.11617216,-0.06072379,-0.22925559,-0.0060422122,0.19625528,-0.1475849,-0.57993424
2023-04-03,-0.8134376176629067,0.31799605,-0.15561952,-0.6306925,-0.028234981,-0.004762084,0.20610902,0.16002321,-0.107422285,0.056207266,-0.06707893,-0.15774304,-0.0008995198,0.19988532,-0.1141643,-0.59954286
2023-04-05,-0.18819564963522475,0.32023105,-0.15230024,-0.6370237,-0.02938788,-0.06546126,0.21341752,0.16018376,-0.043509945,0.019115785,-0.11220949,-0.091251895,0.03909605,0.19545382,-0.07336263,-0.5188596
2023-04-06,-0.09631708476898306,0.3230207,-0.15799291,-0.639049,-0.031376246,-0.106077716,0.23456074,0.16778068,0.008981545,0.025683811,-0.14634535,-0.043188423,0.04856252,0.19800699,-0.039417673,-0.44429484
2023-04-10,-0.4839001286597582,0.31105238,-0.1648855,-0.6378519,-0.030335259,-0.132835,0.2389586,0.17348483,0.021347813,0.057309315,-0.17563823,-0.030398004,0.064616494,0.20883337,-0.02715087,-0.4213973
2023-04-11,-0.43833863991832067,0.3011601,-0.14272906,-0.63542354,-0.029337298,-0.13576305,0.24190713,0.17344946,0.020187331,0.09942212,-0.191445,-0.052028436,0.07882447,0.18458514,-0.062241197,-0.5130691
2023-04-12,-0.04585357628773499,0.30832118,-0.13635708,-0.63411087,-0.028301343,-0.11096045,0.25459045,0.17832743,0.010513682,0.13203067,-0.18888563,-0.097214244,0.08959898,0.15392846,-0.11784611,-0.593437
2023-04-13,0.6781804745478065,0.3372655,-0.12540549,-0.6338754,-0.027000517,-0.07113911,0.285698,0.19149883,-0.0017375527,0.14307076,-0.16793206,-0.16536081,0.112480044,0.16561571,-0.15761302,-0.59973705
2023-04-17,0.2843411774072405,0.3787101,-0.113534644,-0.6342536,-0.02748857,-0.032521855,0.3069093,0.19426194,-0.02891359,0.0882627,-0.13558719,-0.24582176,0.12486771,0.18893564,-0.15852274,-0.5548854
2023-04-18,0.25670692126857075,0.41515356,-0.075914435,-0.640736,-0.028020024,0.012151377,0.3129975,0.19255675,-0.05067768,0.0059847473,-0.08667976,-0.32712674,0.13993832,0.20617907,-0.10810501,-0.5810645
2023-04-19,0.005902628957723015,0.43345568,-0.059915695,-0.63911337,-0.026522703,0.046727415,0.33085757,0.19913147,-0.06097234,-0.10212913,-0.03672594,-0.39057302,0.16724353,0.23775567,-0.014012127,-0.53796685
2023-04-20,0.03836332082292405,0.38661596,-0.044998344,-0.6212796,-0.023857504,0.073152065,0.33444604,0.20017155,-0.15506908,-0.13918371,-0.0024097422,-0.47206792,0.113138825,0.24469228,0.04015841,-0.61130756
2023-04-21,-0.5948515681863685,0.31076068,-0.035972126,-0.6166517,-0.022994608,0.08558153,0.3232115,0.18524733,-0.20570679,-0.059911944,0.015318309,-0.5322811,0.09772729,0.25315428,0.043344226,-0.6770541
2023-04-24,-0.10024584562027701,0.26734114,-0.05625732,-0.63312936,-0.023378957,0.08831727,0.3268404,0.18162477,-0.20482086,0.058410123,0.025578298,-0.5615493,0.096728384,0.2651881,0.036736313,-0.64034945
2023-04-25,-0.1973443585076725,0.26493192,-0.09161225,-0.64824355,-0.027357332,0.091362566,0.33944473,0.18631732,-0.14619963,0.13963132,0.040507127,-0.5536143,0.113968104,0.27377522,0.03039103,-0.5731416
2023-04-26,-0.49506874963910075,0.2944893,-0.13544746,-0.66092676,-0.033022493,0.09800051,0.36073405,0.19513221,-0.08157685,0.18459482,0.054690745,-0.5054318,0.12725393,0.2855777,0.040414102,-0.5842855
2023-04-27,-0.7425399428945917,0.33170184,-0.16892102,-0.67076325,-0.03597379,0.102642134,0.36677632,0.18063469,-0.054095075,0.2550587,0.061211027,-0.41577902,0.13195495,0.28176025,0.04542794,-0.7198248
2023-04-28,-0.3910591323991395,0.35851473,-0.20730782,-0.66623956,-0.037005745,0.10444111,0.37760434,0.18413652,-0.032804914,0.24477057,0.07065764,-0.30026475,0.14750797,0.28889513,0.06732034,-0.64633954
2023-05-02,0.33602623937896003,0.33296365,-0.22524452,-0.6604737,-0.03579124,0.110493906,0.37487763,0.20151134,-0.04656998,0.1256887,0.07690046,-0.19090521,0.13192572,0.27492288,0.06355739,-0.62461954
2023-05-03,-0.8166402528294909,0.2958856,-0.25736433,-0.6458377,-0.03502478,0.115332566,0.38678303,0.21792158,-0.04112032,-0.026705364,0.07577315,-0.09067602,0.13535245,0.28030378,0.071703404,-0.5650672
2023-05-04,1.0062033047659928,0.2707284,-0.28873128,-0.6195011,-0.034474447,0.11459654,0.3740451,0.22937998,-0.05012682,-0.074691,0.07378629,-0.021644287,0.11442817,0.2944761,0.07477481,-0.4950616
2023-05-05,-0.9675174937257608,0.24502498,-0.28298163,-0.59137756,-0.03187784,0.11610407,0.37719527,0.21199416,-0.08676427,-0.027942428,0.07595427,0.010292854,0.034276694,0.23756593,0.034995046,-0.5556669
2023-05-08,0.02828664633417542,0.20084764,-0.26109904,-0.5905851,-0.031249043,0.125427,0.33290425,0.18387645,-0.12854649,0.075360544,0.07349841,-0.0066190725,-0.030328082,0.16359752,-0.055330478,-0.65408605
2023-05-09,-0.21554139218174298,0.17870498,-0.24265319,-0.58831906,-0.03129714,0.12642476,0.33349657,0.15951177,-0.13987571,0.14411414,0.0688483,-0.07807548,-0.025008844,0.14587803,-0.14586061,-0.66387564
2023-05-10,0.1290531221425978,0.19504051,-0.22760707,-0.5981589,-0.027718648,0.12607579,0.34589535,0.15378352,-0.1066984,0.20331742,0.074164376,-0.15292369,-0.03673532,0.16382328,-0.2270983,-0.51906776
2023-05-11,-0.054947667179648774,0.23472689,-0.2136524,-0.6110424,-0.026067033,0.13396454,0.3667933,0.157429,-0.058592968,0.22741994,0.08578877,-0.21350834,-0.023405218,0.2065337,-0.24694431,-0.41762772
2023-05-12,-0.3923563857592117,0.29102153,-0.18076289,-0.62709963,-0.026757982,0.13812785,0.36483142,0.18438481,-0.0062605813,0.22747137,0.09830831,-0.22424717,-0.008715734,0.23672429,-0.20883206,-0.3430507
2023-05-15,0.6126777109181226,0.32383686,-0.15822053,-0.6324585,-0.02803643,0.1374624,0.3643376,0.23305888,0.038046226,0.17706722,0.112581246,-0.21744077,-0.02528684,0.24261339,-0.10580979,-0.32229933
2023-05-16,0.5767825281648673,0.3002581,-0.13581145,-0.64220655,-0.028630923,0.13141382,0.35032663,0.26996395,0.040777396,0.101346746,0.12624978,-0.21012092,-0.04067991,0.22625436,-0.039532796,-0.29718596
2023-05-17,0.3043129800356177,0.26756728,-0.14403751,-0.6412193,-0.03133464,0.11962965,0.3395242,0.2873539,0.029176513,0.047926784,0.13500988,-0.20823778,-0.0076486766,0.23727599,-0.0063553797,-0.35876268
2023-05-18,-0.34233630105289625,0.26859063,-0.18437912,-0.6138446,-0.0340761,0.11146523,0.33830285,0.29235455,0.032531593,0.06870954,0.13831013,-0.20823047,0.008625932,0.27170563,0.012854276,-0.36073065
2023-05-19,-0.5324012177193014,0.29938492,-0.1963907,-0.5818063,-0.039590754,0.10744821,0.32041016,0.2937095,-0.059197083,0.13436252,0.13361132,-0.22399649,-0.05098909,0.24423823,-0.032486685,-0.4943458
2023-05-22,-0.13557048656392567,0.31553853,-0.22030087,-0.58523005,-0.044553302,0.11793767,0.34126586,0.28119174,-0.17736368,0.1848454,0.13240811,-0.2558364,-0.098952994,0.20631266,-0.07259281,-0.5766461
2023-05-23,0.3574432107209521,0.32735452,-0.2465806,-0.59148103,-0.04588859,0.12159379,0.34857872,0.268961,-0.26217276,0.19979477,0.124711595,-0.29397985,-0.08546271,0.21612713,-0.11374415,-0.58303154
2023-05-24,-0.14683448468429428,0.33493873,-0.26303998,-0.5894512,-0.041753363,0.1230255,0.35649952,0.26650727,-0.30239815,0.14307436,0.116285585,-0.31278053,-0.082027525,0.22410296,-0.1383741,-0.62483305
2023-05-25,-0.8675302105431231,0.31424922,-0.2535538,-0.6055835,-0.032223184,0.12647708,0.36873707,0.2338692,-0.28267458,0.07906115,0.10607244,-0.31016296,-0.10764899,0.17549735,-0.16749404,-0.5737198
2023-05-26,-0.46469233793050574,0.28689486,-0.25576782,-0.6169166,-0.025154814,0.12099379,0.393188,0.22346069,-0.21626014,-0.0017602616,0.0967369,-0.29995754,-0.08696994,0.16523084,-0.14637238,-0.4638721
2023-05-29,-0.1409889969891162,0.2631357,-0.26270536,-0.6196835,-0.023039889,0.118673995,0.40686873,0.2413267,-0.14577755,-0.04496957,0.09320547,-0.2844369,-0.06783327,0.16181345,-0.09270583,-0.39375207
2023-05-30,0.5396646590006661,0.25040603,-0.25921223,-0.62759805,-0.02123278,0.118325226,0.38999856,0.25082976,-0.12503056,-0.005675836,0.09002614,-0.25950143,-0.06478837,0.1618765,-0.06281047,-0.38315308
2023-05-31,0.272987290768874,0.25366133,-0.25301686,-0.6461227,-0.021983512,0.11436538,0.39141852,0.2742702,-0.100673795,0.072997995,0.08743154,-0.2357112,-0.05298628,0.18571481,-0.030628514,-0.37391078
2023-06-01,-0.19838822182375118,0.2730213,-0.24881065,-0.6323782,-0.02599077,0.11115162,0.39565971,0.29670024,-0.08248039,0.11535411,0.08539188,-0.21836527,-0.040297978,0.19559935,-0.016863726,-0.3415013
2023-06-02,-0.26525156404330563,0.2960653,-0.2363954,-0.5867893,-0.02924633,0.108162336,0.38252208,0.31011745,-0.06905591,0.1782973,0.08456855,-0.15175633,-0.03704092,0.20048243,-0.05258993,-0.5125131
2023-06-05,0.010260939114880624,0.31063482,-0.23108323,-0.5468697,-0.030966967,0.10588416,0.3638426,0.31401098,-0.0599427,0.18476307,0.08370648,-0.0656765,-0.049650803,0.21919225,-0.11257107,-0.57715714
2023-06-06,-0.6020597884730466,0.32464066,-0.24523523,-0.5543404,-0.02988797,0.10290158,0.39953256,0.29538116,-0.08770194,0.11072587,0.08385721,0.00500873,-0.03883349,0.23528747,-0.12384873,-0.5424586
2023-06-07,0.4986957715569976,0.33351284,-0.25486523,-0.5423967,-0.03340757,0.09984081,0.41544214,0.28989515,-0.08439684,-0.020431,0.084082566,0.051429514,-0.01661878,0.24268596,-0.10563754,-0.5017674
2023-06-08,0.3958503371758473,0.2871066,-0.24291903,-0.5605069,-0.037085045,0.096954726,0.41092378,0.29043442,-0.044365853,-0.087713666,0.08318931,0.10296842,-0.0021412168,0.24471095,-0.10367496,-0.5813574
2023-06-09,-0.15592633967214273,0.2137013,-0.24910742,-0.55427593,-0.04145256,0.09328313,0.4154984,0.29456612,0.0036985287,-0.04497101,0.082616396,0.099428095,0.027312592,0.2627649,-0.06750775,-0.67677075
2023-06-12,-0.5384942679356485,0.18123072,-0.26282275,-0.54652065,-0.061456244,0.089166045,0.4274077,0.30031148,0.026695142,0.0120336935,0.08121331,0.075245924,0.048228085,0.2879842,-0.010125813,-0.63470036
2023-06-13,-0.16260017842282484,0.20586252,-0.26523772,-0.53462946,-0.080464795,0.08519637,0.42840725,0.29732186,-0.080947585,0.0889008,0.07897378,0.04922595,0.04314433,0.29168674,0.039519582,-0.58847505
2023-06-14,0.3766341743287969,0.22156723,-0.24872403,-0.51125056,-0.096246205,0.08331469,0.3839491,0.26817447,-0.2342647,0.1626019,0.06994462,0.015705738,0.0010777013,0.2092103,0.008422998,-0.73707205
2023-06-15,-0.651011655498914,0.1923916,-0.24134825,-0.4975682,-0.08250238,0.07982897,0.36431852,0.24558055,-0.39483964,0.18919608,0.06477663,-0.0021571117,-0.03982815,0.1819775,-0.04322098,-0.88339
2023-06-16,0.38916857098689767,0.14189145,-0.23663685,-0.48935443,-0.07544621,0.0777157,0.36786553,0.23246205,-0.47876832,0.1911221,0.06091778,-0.008905475,-0.05060838,0.18496406,-0.09990165,-0.7844056
2023-06-19,-0.2691601598074755,0.092814185,-0.22124021,-0.47390026,-0.07643993,0.077249266,0.37695563,0.23118512,-0.48495355,0.15969558,0.058641985,0.0049058027,-0.031846404,0.20394072,-0.15297748,-0.67077196
2023-06-20,-0.1635278468255271,0.080851145,-0.18878466,-0.4845373,-0.08515625,0.07678836,0.35891938,0.26469645,-0.44681984,0.114638835,0.059685983,0.046821408,-0.009454014,0.2055486,-0.2084194,-0.64090484
2023-06-21,0.4640890525988726,0.08892477,-0.16374059,-0.45768967,-0.08122681,0.0758265,0.38218498,0.30086312,-0.41105837,0.002523865,0.06368053,0.080302306,0.026630735,0.21400772,-0.20818631,-0.672897
2023-06-22,0.5678000049105858,0.12893754,-0.14144611,-0.42573756,-0.07427831,0.07293915,0.39342406,0.31364268,-0.36215544,-0.09749499,0.06691395,0.13530274,0.06566043,0.20187421,-0.18735069,-0.76376235
2023-06-23,-0.0927586231919754,0.14907989,-0.11710288,-0.4306143,-0.0671845,0.069942705,0.37562278,0.31780756,-0.31310156,-0.063743584,0.062500745,0.19554935,0.11776122,0.1942759,-0.16909893,-0.8550572
2023-06-26,-0.592993717155574,0.12757751,-0.10224808,-0.44413072,-0.06425772,0.06526119,0.31343883,0.3061289,-0.2798169,0.018919868,0.059252504,0.21885242,0.19784184,0.18243381,-0.20339741,-0.85371685
2023-06-27,-0.7287948490011811,0.076443635,-0.101249576,-0.4201936,-0.06369606,0.060047667,0.2606315,0.29217225,-0.22317806,0.07919297,0.05458913,0.20975144,0.2673908,0.19561416,-0.25580397,-0.7910568
2023-06-28,-1.0245205300176732,0.055210933,-0.07456098,-0.41777942,-0.06678624,0.054817535,0.22992285,0.28853104,-0.17074156,0.1308325,0.04847387,0.18972607,0.29619682,0.1871454,-0.3547018,-0.7859931
2023-06-30,-0.6119839562199592,0.05745206,-0.065895006,-0.43919894,-0.06903069,0.04990323,0.21816869,0.28680798,-0.15611608,0.1629603,0.0442658,0.14372025,0.30674744,0.13977636,-0.48116192,-0.8324054
2023-07-03,-0.2853046114333291,0.075909175,-0.067043014,-0.46798164,-0.06874098,0.04531068,0.23694295,0.27858827,-0.13213661,0.17505711,0.039304785,0.061930858,0.317959,0.16028105,-0.5457016,-0.71099484
2023-07-04,-0.009705645042125215,0.106179774,-0.062437467,-0.46272144,-0.047323063,0.041352205,0.25352612,0.26782545,-0.11467079,0.17947714,0.036573738,0.0047283564,0.335751,0.19211128,-0.52313775,-0.662108
2023-07-05,-0.43919770277274045,0.1376227,-0.04017205,-0.47079355,-0.035025544,0.03771536,0.24514265,0.2739982,-0.10652245,0.18332717,0.034892652,-0.018055469,0.34918216,0.20601615,-0.4312698,-0.61459225
2023-07-06,0.8394639071747384,0.13955615,-0.0126127675,-0.44068688,-0.033955418,0.03440165,0.22017913,0.27431738,-0.11227263,0.16733368,0.03381296,-0.058854304,0.35703823,0.19135793,-0.33819538,-0.61297226
2023-07-07,-0.08057488093130925,0.10972409,0.016323,-0.42283908,-0.035732944,0.03156175,0.17153947,0.26180562,-0.17113581,0.18267973,0.030008491,-0.052380428,0.4045487,0.14577346,-0.32164183,-0.6885986
2023-07-10,-0.36676550632915983,0.048345968,0.034754798,-0.40515172,-0.037149895,0.029257819,0.15200657,0.26003385,-0.21200885,0.17540261,0.028223814,-0.07755753,0.41807023,0.1622639,-0.38285387,-0.65815145
2023-07-11,0.3029330625240045,0.03907637,0.06147813,-0.42405462,-0.038159277,0.027280731,0.17472325,0.25953203,-0.21370424,0.11788011,0.027422085,-0.1122694,0.42640844,0.18699445,-0.46476427,-0.60040724
2023-07-12,-0.10608046721900315,0.098264985,0.11082037,-0.40583348,-0.036353312,0.025513127,0.2086704,0.26057154,-0.19419679,0.11479478,0.027264291,-0.15966505,0.4297611,0.18550085,-0.5214919,-0.621897
2023-07-13,-0.6866912343569288,0.18174608,0.17421107,-0.41373512,-0.033927716,0.02371059,0.21994767,0.2549119,-0.17933398,0.14660981,0.02434821,-0.14776571,0.4491251,0.13869143,-0.5536835,-0.7199455
2023-07-14,-0.6632106900138368,0.23842642,0.1636036,-0.4134509,-0.03182074,0.022381032,0.26946238,0.26432353,-0.17035942,0.15193291,0.022964815,-0.17062715,0.43575615,0.1832726,-0.43583438,-0.595922
2023-07-17,-0.1433385995259398,0.26867014,0.1627125,-0.448304,-0.029165275,0.021578327,0.31080338,0.29204085,-0.16754104,0.18176523,0.023802795,-0.15612772,0.38909566,0.22531687,-0.21614069,-0.48398098
2023-07-18,-0.36065863992770986,0.258193,0.16138448,-0.49722105,-0.028218206,0.020749185,0.32962218,0.31489536,-0.1749558,0.205432,0.025665008,-0.13992326,0.34281933,0.23737696,-0.05251056,-0.49101546
2023-07-19,-0.6493811230067926,0.22313437,0.1355997,-0.50213146,-0.028593749,0.018713748,0.32210416,0.31289548,-0.2468781,0.18344876,0.02586712,-0.113581195,0.31265053,0.22230388,0.0118351085,-0.5196532
2023-07-20,1.1488638268461766,0.20312434,0.07556924,-0.50006676,-0.029531166,0.017503574,0.3276615,0.31034946,-0.29257613,0.1314033,0.02601229,-0.061205648,0.15992151,0.22946845,0.029156014,-0.47414678
2023-07-21,0.38273281325250047,0.23802243,-0.0007465181,-0.5238,-0.030403174,0.01424401,0.34092802,0.30543587,-0.30669674,0.049234293,0.01883772,-0.0092464825,0.009180656,0.2565842,0.028656967,-0.4179084
2023-07-24,-0.0030879230325360674,0.32654503,-0.07119627,-0.5171903,-0.031005356,0.011158531,0.37750453,0.31660488,-0.3078303,0.046223067,0.012070853,0.02636398,-0.03875962,0.27005294,0.034736197,-0.3507762
2023-07-25,-0.42722663560502483,0.34457162,-0.08011659,-0.52255046,-0.03164749,-0.0028346367,0.34721118,0.2992962,-0.42154372,0.09848838,-0.028826952,0.07102644,-0.1600993,0.15869172,-0.03213996,-0.3398043
2023-07-26,0.6012852963752361,0.27440238,-0.11429193,-0.5175291,-0.033164125,-0.0069876397,0.35325873,0.3069892,-0.47063705,0.1377354,-0.04806193,0.06487668,-0.21004348,0.14025205,-0.0542365,-0.3316553
2023-07-27,0.10238339646366101,0.19961967,-0.14082919,-0.4993797,-0.03441119,-0.010729349,0.3802577,0.31818044,-0.45380932,0.16379097,-0.06574712,0.05459573,-0.21818912,0.16379748,-0.0377688,-0.3274926
2023-07-28,-0.4755295993868083,0.18987116,-0.14324987,-0.5154285,-0.03478172,-0.008931012,0.3914569,0.3265076,-0.41022155,0.19454171,-0.0696818,0.05381159,-0.22453703,0.16544145,-0.008018988,-0.2915838
2023-07-31,0.13252075481966294,0.25196025,-0.14547008,-0.5046272,-0.032729924,-0.0045734094,0.3723929,0.34195718,-0.37764114,0.2225179,-0.07300959,0.062103447,-0.2351176,0.17490591,0.00827014,-0.3852704
2023-08-01,1.0308561802213498,0.3181945,-0.13443458,-0.48846713,-0.033790432,0.004931322,0.32949588,0.33700815,-0.34920475,0.22125936,-0.065969795,0.08562628,-0.29553625,0.1684231,-0.02694688,-0.6095741
2023-08-02,0.7376790066507541,0.31229383,-0.11325716,-0.48148194,-0.0354886,0.018162617,0.29453826,0.31280917,-0.32462427,0.19108386,-0.04936912,0.09690629,-0.3560621,0.14260447,-0.08679465,-0.79599524
2023-08-03,-0.6144171683875401,0.24262707,-0.09383639,-0.48637632,-0.033672594,0.03356411,0.2603287,0.3104436,-0.2945828,0.18032889,-0.027198728,0.08102199,-0.39464527,0.13804832,-0.18943392,-0.8706131
2023-08-04,-0.34820194607283467,0.1753963,-0.077678606,-0.5161316,-0.029351823,0.049636237,0.2359881,0.31307095,-0.22451197,0.19348857,-0.009789765,0.06719927,-0.41970342,0.14939496,-0.29988122,-0.8332357
2023-08-07,0.16304971861289508,0.15149903,-0.056473035,-0.559718,-0.024896167,0.066200666,0.22370945,0.31456524,-0.14644118,0.19757691,0.0016320916,0.08721782,-0.420966,0.15324904,-0.38333428,-0.82860386
2023-08-08,-0.2586249696206286,0.18283813,-0.033917874,-0.5096543,-0.025192268,0.082604825,0.2081491,0.32209262,-0.0700452,0.16479303,0.016254466,0.12137522,-0.38634965,0.1587538,-0.4175741,-0.8420835
2023-08-09,0.4656820489102023,0.22365831,0.006263987,-0.514588,-0.026627421,0.098973155,0.16661039,0.3212949,-0.041972086,0.15677725,0.025167715,0.20929351,-0.37984496,0.13842598,-0.46195644,-0.9406768
2023-08-10,0.5906283698047001,0.22563021,0.015747802,-0.49615782,-0.026226904,0.112457775,0.17363752,0.32869765,-0.02577111,0.11897655,0.054912247,0.24952492,-0.2873831,0.16099323,-0.41891173,-0.893391
2023-08-11,0.006069430598232641,0.20381545,0.05487661,-0.49784648,-0.027287316,0.121289074,0.15274474,0.34428322,-0.025866875,0.13624714,0.08774383,0.30564016,-0.18516238,0.15151104,-0.40187445,-0.87190866
2023-08-14,-0.11052583357619676,0.14519463,0.092292964,-0.49309975,-0.027633317,0.12620202,0.11257452,0.33514464,-0.09044659,0.118340746,0.10063433,0.35050887,-0.06448469,0.11358033,-0.45493838,-0.8953793
2023-08-16,0.5195230072610474,0.059988618,0.12165374,-0.50707376,-0.027489092,0.12706774,0.08452617,0.32404947,-0.15901767,0.13500854,0.10754135,0.34520885,0.060667396,0.10142206,-0.5660287,-0.7886186
2023-08-17,0.30395714730848883,0.034473658,0.15196207,-0.50546426,-0.027564421,0.123598605,0.0861141,0.31978628,-0.1787165,0.16191319,0.10629668,0.33000335,0.16627012,0.113846056,-0.6988355,-0.6501545
2023-08-18,-0.36747159567787896,0.08232914,0.21194008,-0.52899426,-0.028851379,0.11571695,0.06349498,0.30533272,-0.22001053,0.16367964,0.08767554,0.33325648,0.25205043,0.092384234,-0.83905065,-0.7195404
2023-08-21,0.0224582826422707,0.12619615,0.23997419,-0.5651445,-0.032203954,0.10901268,0.10362614,0.30780077,-0.21047458,0.12927517,0.074962795,0.3006989,0.29594573,0.118023574,-0.8406835,-0.6411198
2023-08-22,-0.1932044809752588,0.16694312,0.25977826,-0.5836864,-0.032415096,0.10285545,0.13544263,0.31612188,-0.19874366,0.07770076,0.071998686,0.2518691,0.3218596,0.12627612,-0.67344856,-0.5597845
2023-08-23,0.3135527719526554,0.18288906,0.27211776,-0.59651816,-0.032686435,0.10015416,0.16284847,0.32797927,-0.20992592,0.07555237,0.08158886,0.20992495,0.35502657,0.14164416,-0.4410859,-0.59051985
2023-08-24,0.6250090829476641,0.17268194,0.2735641,-0.589994,-0.031372294,0.093945414,0.15752889,0.33311713,-0.23329268,0.11627978,0.08213819,0.12520187,0.38925567,0.14522046,-0.2891163,-0.6748574
2023-08-25,-0.15936380090058389,0.15999633,0.25336915,-0.5985839,-0.029227749,0.08802336,0.1705601,0.33934146,-0.28010228,0.14022407,0.075435065,0.06225047,0.4269373,0.1541476,-0.25217563,-0.715461
2023-08-28,-0.14128716528105237,0.15734625,0.20560625,-0.58389413,-0.027950894,0.0819817,0.1833079,0.34624696,-0.3295939,0.11434467,0.06584886,-0.049775004,0.41680947,0.17216383,-0.31784183,-0.6360731
2023-08-29,0.012970874639148214,0.1746229,0.18882735,-0.5835526,-0.025916364,0.07647864,0.18016118,0.34188718,-0.38802132,0.12063118,0.0568482,-0.12764277,0.37383443,0.14806156,-0.47020933,-0.71286076
2023-08-30,0.49258774368148456,0.21280487,0.17746212,-0.5319313,-0.029843971,0.07149176,0.16531618,0.3356997,-0.4382119,0.15348966,0.049200322,-0.22118117,0.3280556,0.13440564,-0.636286,-0.8010059
2023-08-31,-0.8399413735299028,0.24472246,0.17415804,-0.48937666,-0.031408858,0.06396385,0.13798094,0.32392025,-0.48705927,0.17972828,0.03521808,-0.28066993,0.18381497,0.10146461,-0.74449235,-0.81151634
2023-09-01,-0.412964036109392,0.22544198,0.2091335,-0.46440586,-0.032228645,0.048106052,0.078992225,0.3039777,-0.5585877,0.18901548,-0.011350928,-0.2835142,-0.14212942,0.045649227,-0.7579413,-0.9033219
2023-09-04,-0.1847146244960217,0.15409678,0.24110967,-0.4417935,-0.030686524,0.04211389,0.059810195,0.28983614,-0.6061016,0.16668257,-0.052841976,-0.26458922,-0.354123,0.018917896,-0.6346306,-0.98040515
2023-09-05,-0.1367083160307052,0.078745365,0.29319623,-0.48331973,-0.029689819,0.04358856,0.036258522,0.2825834,-0.6255307,0.106111355,-0.070132576,-0.20556903,-0.45174178,-0.0017864546,-0.45852387,-1.0142246
2023-09-06,-0.5154610834637862,0.014714699,0.3113926,-0.4897237,-0.02720306,0.05487451,0.047640264,0.29817918,-0.5617119,0.00024565822,-0.019260904,-0.17400502,-0.48512125,0.03750348,-0.2982867,-0.80265045
2023-09-07,-0.4035176874912158,0.042255208,0.34503222,-0.50640666,-0.026687961,0.06700452,0.05256776,0.3193817,-0.42464948,0.0152077805,0.046296004,-0.08325604,-0.5052268,0.0589071,-0.2801981,-0.6465888
2023-09-08,-0.7914303745372412,0.09203577,0.3927398,-0.5026812,-0.02569284,0.078653984,0.034670718,0.32768854,-0.25899914,0.090191565,0.10168736,0.048881497,-0.4870299,0.06392287,-0.39830485,-0.6833314
2023-09-11,0.05102620259921479,0.1082383,0.4170599,-0.5437595,-0.025895506,0.085968986,-0.011604589,0.32389808,-0.091369405,0.16535173,0.12812465,0.20836136,-0.44736147,0.042254824,-0.6167871,-0.7719709
2023-09-12,-0.3227855396840341,0.06352996,0.38780847,-0.5766305,-0.026095577,0.08768787,-0.020860422,0.31951323,0.064487584,0.23999006,0.12647638,0.30193806,-0.37684205,0.075516194,-0.71684337,-0.68983984
2023-09-13,-0.11823684435885616,0.015026524,0.35218066,-0.595676,-0.02568448,0.08662071,-0.022519825,0.3146174,0.17968571,0.26516834,0.11262683,0.3724818,-0.29375687,0.107046984,-0.6758225,-0.5646905
2023-09-14,-0.37845500498032375,0.0066513875,0.3041583,-0.59983736,-0.02541583,0.084630996,0.0017492024,0.302799,0.22258282,0.24661234,0.09543028,0.43315125,-0.2063515,0.1349036,-0.52526474,-0.47096494
2023-09-15,0.31141535108520735,0.047282413,0.26294434,-0.61138403,-0.024793249,0.07908847,0.019497756,0.2961316,0.15112364,0.09925411,0.07469055,0.48187518,-0.12709838,0.14919657,-0.36150345,-0.49486682
2023-09-18,1.129512604914877,0.091994256,0.20819256,-0.5735624,-0.025150988,0.07260916,0.04882486,0.29203358,0.046633177,-0.066862576,0.056333873,0.4793956,-0.060355954,0.15224393,-0.1962225,-0.56490576
2023-09-20,0.7921115201413375,0.12468837,0.15553758,-0.55708206,-0.026681662,0.0646836,0.06315625,0.28987807,-0.084146015,-0.16630201,0.040501226,0.43095824,-0.0037739174,0.15783563,-0.08972625,-0.6248732
2023-09-21,0.3609974566030826,0.14552756,0.09149465,-0.54375565,-0.026815597,0.052327942,0.09557098,0.2931405,-0.23080768,-0.1369142,0.020182908,0.291426,0.04075738,0.17709763,-0.05970458,-0.61148185
2023-09-22,0.034807854016506684,0.14168441,0.02831631,-0.5609114,-0.027029052,0.04461344,0.14263608,0.31790912,-0.36783254,-0.011249756,0.009743682,0.097926766,0.101957284,0.20441067,-0.16305485,-0.6135505
2023-09-25,0.08324541982912426,0.13685527,-0.02549965,-0.56496894,-0.02658036,0.042989444,0.19418892,0.3411932,-0.44549164,0.12148079,0.01443824,-0.16228613,0.1241326,0.21330549,-0.17433943,-0.5121913
2023-09-26,-0.21001638851704113,0.18126623,-0.06900692,-0.59767145,-0.026373725,0.046196483,0.22399813,0.35148737,-0.47762117,0.23566459,0.029738208,-0.39182886,0.13777506,0.21254522,-0.20047551,-0.45825553
2023-09-27,0.9632420261844526,0.25318986,-0.09798409,-0.60142595,-0.02634859,0.049820237,0.24655195,0.3341381,-0.4563186,0.25929406,0.043613445,-0.5381915,0.11076385,0.21180674,-0.23203501,-0.5659043
2023-09-28,-0.5119824118486946,0.29093456,-0.12739749,-0.6031381,-0.025499795,0.050833933,0.24988209,0.3190363,-0.40051058,0.28761864,0.046472985,-0.59566075,0.0055261147,0.21604675,-0.23889342,-0.63353497
2023-09-29,0.5625633043093802,0.27256948,-0.15406993,-0.62237585,-0.025276318,0.056787644,0.281507,0.3076011,-0.31023574,0.20621847,0.05294448,-0.5898688,-0.11139933,0.20459093,-0.20285444,-0.61027735
2023-10-03,0.4834896681810265,0.2484993,-0.17445295,-0.64052224,-0.025359679,0.055843215,0.27809355,0.29720783,-0.23636787,0.09319488,0.047037084,-0.52272,-0.18959627,0.20393854,-0.15375775,-0.58859676
2023-10-04,-0.49009926545215005,0.23926273,-0.1866827,-0.6306145,-0.024760671,0.058003243,0.29455176,0.2962225,-0.1517343,-0.049465794,0.043330587,-0.43222183,-0.19148079,0.2095057,-0.060553044,-0.598753
2023-10-05,-0.4781414045046337,0.25119233,-0.19066039,-0.6220095,-0.025050178,0.05962815,0.31934875,0.3027368,-0.07136961,-0.11076879,0.04105029,-0.32220918,-0.22517098,0.21280839,0.022122273,-0.6242717
2023-10-06,0.7149491022564004,0.28420004,-0.21792798,-0.63498336,-0.023598228,0.0614242,0.35995206,0.32430932,-0.00035415404,-0.05323848,0.04073867,-0.1992725,-0.22419646,0.22843869,0.10453413,-0.57690436
2023-10-09,-0.8095539461114154,0.33584106,-0.23552367,-0.6579269,-0.022610113,0.06137269,0.37848613,0.35170165,0.01923909,0.078845166,0.03848711,-0.070306346,-0.20988311,0.2351525,0.13257362,-0.44922692
2023-10-10,-0.5391605830306585,0.3818712,-0.24941474,-0.69951075,-0.022620339,0.06299339,0.38527435,0.35876822,0.03803657,0.1699589,0.040038653,0.053388737,-0.17367938,0.2422705,0.13451663,-0.41824186
2023-10-11,0.11847894503848008,0.3878864,-0.27011877,-0.72602504,-0.021154255,0.070766725,0.40000546,0.36466503,0.05092454,0.22506264,0.054360755,0.15566613,-0.12190563,0.25233462,0.1309437,-0.40382603
2023-10-12,0.2402631764176553,0.37249747,-0.29762024,-0.72899777,-0.02030357,0.06856948,0.42235166,0.37979177,0.06939364,0.24486238,0.05489875,0.20919123,-0.062121503,0.26418602,0.14405209,-0.28408924
2023-10-13,0.12801607264086948,0.3669007,-0.32276845,-0.74015117,-0.019366607,0.063687995,0.45171872,0.3873959,0.045972273,0.20769782,0.045355707,0.19864024,-0.010420062,0.2681334,0.16470692,-0.22113502
2023-10-16,-0.34143700462454374,0.3832236,-0.3404189,-0.7185307,-0.019179408,0.06497551,0.46346557,0.38603497,0.001294218,0.13767447,0.044780266,0.124197274,0.022622589,0.26789698,0.18441847,-0.20648268
2023-10-17,0.7058945987868837,0.42174536,-0.35437468,-0.678704,-0.019329824,0.06382159,0.45602527,0.37978077,-0.035276353,0.08084229,0.044699118,0.021838099,0.04382948,0.2677278,0.20340249,-0.20504937
2023-10-18,0.25807634057253553,0.4398193,-0.35679615,-0.6757613,-0.023185823,0.060996335,0.46025658,0.3711367,-0.0538074,0.12811013,0.042584933,-0.09591592,0.0066359406,0.25848565,0.19367485,-0.18025395
2023-10-19,0.4301537116187054,0.44107178,-0.36216134,-0.66813827,-0.021315582,0.06014392,0.47831053,0.3678904,-0.044694073,0.20238522,0.042494167,-0.16926768,0.016953297,0.2576031,0.20444025,-0.16376781
2023-10-20,1.305757765794625,0.40778056,-0.35198733,-0.68657655,-0.019415334,0.057770304,0.49521515,0.36411786,-0.12483791,0.1353312,0.04079567,-0.27792645,-0.036395125,0.23792674,0.18675411,-0.21206826
2023-10-23,0.8193198779820341,0.37848905,-0.34683287,-0.70675796,-0.019939091,0.05491141,0.5130932,0.36438268,-0.14758423,0.059954267,0.037998803,-0.33167663,-0.028482484,0.2397921,0.18763727,-0.27632183
2023-10-25,1.3542378849930736,0.3853976,-0.33875787,-0.71330607,-0.018074933,0.048634514,0.5255367,0.3673241,-0.099879645,0.03681566,0.029653843,-0.30707365,-0.021098059,0.24183674,0.19763671,-0.22303316
2023-10-26,-0.899661281345137,0.41665545,-0.32813945,-0.710986,-0.020731177,0.04201789,0.53866136,0.37862068,-0.0714533,0.049284793,0.019694928,-0.20400676,-0.021901404,0.2431425,0.2131657,-0.16393289
2023-10-27,-0.4228046071632331,0.44983917,-0.3101462,-0.74070144,-0.016068053,0.03910563,0.5410029,0.37551138,-0.06932366,0.07801933,0.015611082,-0.112256385,-0.002201938,0.23985057,0.21772408,-0.21370593
2023-10-30,0.3376861053824268,0.4410417,-0.29989466,-0.742373,-0.016730648,0.029743202,0.52541775,0.3734742,-0.07320612,0.1380892,0.0028015971,-0.03991036,0.013442203,0.23843004,0.22435686,-0.2600631
2023-10-31,0.4831408453108632,0.34909025,-0.26141146,-0.74914896,-0.021415554,-0.006645362,0.45924297,0.3326834,-0.14193094,0.18372183,-0.06656301,0.019105244,-0.095319375,0.13293898,0.109369464,-0.4543028
2023-11-01,-0.6703743424057936,0.2297336,-0.25106582,-0.75661975,-0.03465165,-0.01350451,0.46066412,0.31134447,-0.15187712,0.2242754,-0.092608444,0.05027305,-0.09987881,0.12595266,0.07487862,-0.47832307
2023-11-02,-0.4387113397160381,0.18007992,-0.23629144,-0.7659811,-0.043251492,-0.018870521,0.48866466,0.3031381,-0.09332134,0.25192893,-0.10156225,0.06590681,-0.08311802,0.1487032,0.04446949,-0.4535033
2023-11-03,-0.8393146075175762,0.24109562,-0.21739705,-0.77212733,-0.0417455,-0.019488133,0.5215407,0.31174424,-0.014798267,0.2576811,-0.09548497,0.09476063,-0.06778486,0.16838124,0.035189096,-0.42871842
2023-11-06,0.06066057362808334,0.3641234,-0.18871811,-0.7841708,-0.053119183,-0.012216116,0.54749805,0.34333706,0.071229875,0.20106943,-0.07212443,0.13109218,-0.049966656,0.1408803,0.03986008,-0.38663986
2023-11-07,-0.14133709455495022,0.4639875,-0.17119542,-0.7918924,-0.06234475,-0.001113221,0.5551551,0.38071334,0.14610307,0.11789375,-0.04236062,0.15892248,-0.031650655,0.13322519,0.057767674,-0.37371776
2023-11-08,0.269401765482546,0.4874639,-0.14692917,-0.79597735,-0.07043197,0.013502646,0.54561025,0.39837152,0.18464486,0.06873757,-0.011230994,0.1598249,-0.001966796,0.12550841,0.062406924,-0.4253759
2023-11-09,-0.10889155272949894,0.4086957,-0.13762297,-0.7964649,-0.07040299,0.035305962,0.5280226,0.40175855,0.14684702,0.03929648,0.026584405,0.13267346,-0.0020989971,0.14031717,0.06615438,-0.5233943
2023-11-10,-0.05158590044402143,0.27842018,-0.12928714,-0.80129033,-0.067840844,0.051536057,0.47930714,0.4003388,0.084834374,0.017152527,0.04973755,0.057483852,-0.019310094,0.14589816,0.04418762,-0.6441454
2023-11-13,-1.0695739032715494,0.20523536,-0.123786315,-0.8051227,-0.072296515,0.06342562,0.4597172,0.397517,0.057984352,0.06093928,0.059086964,-0.025036499,-0.0069882907,0.14773609,0.037398163,-0.5875995
2023-11-15,-0.38979056601711376,0.24452518,-0.114329964,-0.77636707,-0.07003932,0.0694333,0.45497265,0.38805884,-0.0069959536,0.1408295,0.05741917,-0.09855916,-0.006768857,0.142618,0.014491778,-0.5274307
2023-11-16,0.19504903479207517,0.35380763,-0.10350043,-0.7614523,-0.06341323,0.07044137,0.43555436,0.36032808,-0.084445804,0.22236077,0.049389336,-0.14829634,-0.07139938,0.13598248,-0.04076744,-0.6355842
2023-11-17,0.2163268112658232,0.44518852,-0.10045694,-0.74896854,-0.0644431,0.046644043,0.44807106,0.339454,-0.14710875,0.23975426,0.002921746,-0.18366598,-0.083058015,0.14061138,-0.07700614,-0.68446356
2023-11-20,-0.38774057825690594,0.46457583,-0.10058372,-0.7451752,-0.06799361,0.046575744,0.47090754,0.32898778,-0.20630378,0.20390363,-0.008452535,-0.16262615,-0.090980045,0.11520228,-0.10460494,-0.6661709
2023-11-21,-0.09848492734558327,0.41600883,-0.106282495,-0.76217145,-0.069194965,0.03789941,0.47815904,0.33658534,-0.2481414,0.14961965,-0.01863173,-0.12857905,-0.083814204,0.110386975,-0.09917447,-0.656126
2023-11-22,0.082910260439436,0.33593082,-0.10925446,-0.78371054,-0.06465747,0.029634893,0.4748042,0.3693646,-0.24506725,0.120452456,-0.026049253,-0.07945771,-0.07665844,0.11693644,-0.07945049,-0.5420748
2023-11-23,0.07084651434958929,0.27592856,-0.11702765,-0.80297303,-0.06600635,0.015160939,0.44827092,0.4032253,-0.22597146,0.11853597,-0.045070793,-0.019826643,-0.057919092,0.13358624,-0.045633063,-0.4523224
2023-11-24,-0.4118889473970851,0.2776218,-0.11039324,-0.78501564,-0.07481794,0.010375204,0.43477532,0.41946667,-0.2697359,0.14768328,-0.049782336,0.052052993,-0.061940126,0.12808006,-0.021415554,-0.5225227
2023-11-28,-0.9296940718025729,0.30597058,-0.095663436,-0.75887746,-0.092942595,0.007852804,0.35294452,0.40468577,-0.3369513,0.18420435,-0.045862604,0.12251394,-0.08816147,0.091127865,-0.10686395,-0.8508121
2023-11-29,-0.13408917734788317,0.32988003,-0.07498139,-0.7754042,-0.10180821,0.0067874705,0.29486418,0.38946822,-0.33645788,0.16809708,-0.03905919,0.17411076,-0.10157973,0.0654292,-0.20214851,-1.0192314
2023-11-30,-0.5875353713594844,0.34934455,-0.065536276,-0.69456154,-0.10530688,0.0046384707,0.2923449,0.38080946,-0.27599084,0.12519898,-0.03725198,0.17936666,-0.07156475,0.09885354,-0.2618399,-0.92336714
2023-12-01,-1.8636422074290324,0.33061835,-0.008910139,-0.70084995,-0.09837013,-0.025910657,0.24210957,0.3595039,-0.3430222,0.12813224,-0.10773467,0.2230037,-0.13695805,0.036803477,-0.440323,-0.9058414
2023-12-04,-0.7209019422158645,0.2611852,0.020072287,-0.6692297,-0.08937168,-0.027940135,0.26378322,0.3545608,-0.3485022,0.15341833,-0.1114421,0.23796874,-0.09747162,0.040539786,-0.534463,-0.8526522
2023-12-05,-0.3338916261046679,0.20749103,0.05038718,-0.6512945,-0.09184281,-0.027657785,0.26958722,0.35922924,-0.28031042,0.25046983,-0.078256704,0.2753333,-0.08286282,0.04834827,-0.5558424,-0.89454293
2023-12-06,0.20030609899832416,0.21250832,0.054082733,-0.6163216,-0.091588065,-0.020906389,0.27614477,0.37960207,-0.13289271,0.31055954,-0.024316065,0.30464825,-0.017647054,0.07855594,-0.42778707,-0.8227307
2023-12-07,-0.26912780893426796,0.27047217,0.09670505,-0.6245046,-0.08976273,-0.009339373,0.2587425,0.400609,0.038710214,0.26306584,0.026030948,0.34896782,0.029691948,0.071520515,-0.32127845,-0.8317181
2023-12-08,-0.08752852580889328,0.34324887,0.10990891,-0.62930006,-0.09183747,0.0016821669,0.24787715,0.4180271,0.21663055,0.14245382,0.048949596,0.33264348,0.08786448,0.06464516,-0.23699075,-0.7552083
2023-12-11,0.4432793374603922,0.40634206,0.11240419,-0.62285304,-0.10037751,0.0088910125,0.21377462,0.42939016,0.30863354,0.02456037,0.03656712,0.30806965,0.1375725,0.06552923,-0.23825365,-0.7148055
2023-12-12,-0.05319993023690815,0.4229134,0.10052316,-0.59555644,-0.10431218,0.006815879,0.22938898,0.4311042,0.329847,-0.03832273,0.0055318708,0.264602,0.17336679,0.08872593,-0.2603291,-0.6816296
2023-12-13,-1.0991897345311255,0.41213918,0.097315826,-0.5744495,-0.11092031,-0.0050523346,0.25305602,0.41888222,0.2855012,0.041167695,-0.03202605,0.21906778,0.19476023,0.10398082,-0.3174587,-0.72467583
2023-12-14,-1.1616589504956323,0.42053008,0.09389802,-0.5693882,-0.101075694,-0.027144462,0.2963189,0.40067795,0.18739583,0.124528766,-0.06385614,0.24905546,0.2821915,0.102691375,-0.34433338,-0.66745186
2023-12-15,0.2026988907160676,0.43557122,0.083470345,-0.5097144,-0.08875185,-0.05845958,0.33487785,0.39256725,0.06693437,0.18923295,-0.079817645,0.2602379,0.33291745,0.09256227,-0.32653743,-0.6606011
2023-12-18,-0.11441817977728932,0.4091437,0.0658809,-0.49938822,-0.08664359,-0.09321673,0.35057682,0.3912715,-0.10060603,0.21756692,-0.08003432,0.28510612,0.37065357,0.097863324,-0.267575,-0.7508168
2023-12-19,1.38013963638085,0.3521097,0.06494755,-0.46667144,-0.08873505,-0.11855233,0.33829895,0.39317864,-0.26936722,0.24065791,-0.08141045,0.288936,0.3841191,0.051476385,-0.20382692,-0.75523585
2023-12-20,-0.4268043999505296,0.2983491,0.09836152,-0.46467924,-0.09496577,-0.13313812,0.30150187,0.3626149,-0.48280844,0.21310781,-0.10082973,0.29213881,0.39950678,-0.02317141,-0.21825425,-0.81215465
2023-12-21,-0.37839108719533193,0.27351135,0.114510216,-0.49263617,-0.092411816,-0.14474176,0.2613172,0.342186,-0.6466566,0.19235353,-0.11625575,0.25522646,0.39129135,-0.0266666,-0.24955201,-0.7438536
2023-12-22,-0.3661093378965181,0.2978779,0.12639177,-0.4808547,-0.08857462,-0.14991966,0.27415824,0.34520435,-0.7292719,0.16637771,-0.109387256,0.1931142,0.3645164,0.009081272,-0.2706309,-0.70151335
2023-12-26,-0.888353309018301,0.38068086,0.14666757,-0.4932693,-0.0861836,-0.14549491,0.28890523,0.36827475,-0.7269439,0.16913246,-0.10122966,0.16371103,0.3374551,0.026545983,-0.29532185,-0.6691117
2023-12-27,-0.49773362892704226,0.4632434,0.18324238,-0.5210325,-0.070090674,-0.13345388,0.299434,0.38860887,-0.6437721,0.18844779,-0.0877078,0.12766549,0.29576275,0.0009280285,-0.3164406,-0.6518075
2023-12-28,0.24045004684371746,0.48427007,0.20152082,-0.5284277,-0.068158165,-0.10744665,0.28054044,0.39655164,-0.5287351,0.17506129,-0.06313578,0.08888938,0.21681929,-0.012822625,-0.32151031,-0.58876747
2023-12-29,-0.009068574765151624,0.42437097,0.2375216,-0.56412274,-0.06678406,-0.088939026,0.25275558,0.3974698,-0.36801794,0.12635264,-0.06537524,0.07358913,0.09654019,-0.043116823,-0.35082898,-0.6709363
2024-01-01,0.3657892560248331,0.35523146,0.25528035,-0.56949437,-0.060360614,-0.07133588,0.23974828,0.3937087,-0.19763562,0.09842589,-0.06510646,0.11459072,0.06432077,-0.031459156,-0.34228906,-0.6783782
2024-01-02,0.6835407057549879,0.33467165,0.28336442,-0.5683862,,-0.05164755,0.21910234,0.380577,-0.03946478,0.08355112,-0.057494424,0.16627085,0.02401866,-0.02698119,-0.35052752,-0.68383783
2024-01-03,-0.5756400093087737,0.37666976,0.31493834,-0.56410605,,-0.034775823,0.19012,0.366793,0.07106784,0.08473418,-0.050375786,0.22685137,-0.02544452,-0.03530482,-0.37552077,-0.72913826
2024-01-04,-0.18934484000751353,0.45619577,0.35181397,-0.5290607,,-0.022419043,0.19152129,0.35607785,0.11687014,0.0969734,-0.045887176,0.26271808,-0.05432886,-0.05562848,-0.4106651,-0.72518057
2024-01-05,0.8988964670256335,0.4850709,0.41455126,-0.5275622,,-0.021617219,0.16765015,0.34038514,-0.008262744,,-0.05709084,0.31678748,-0.122105695,-0.092999734,-0.5353015,-0.81367445
2024-01-08,-0.10245585525161123,0.42863846,0.4476169,-0.538052,,-0.023013595,0.1876907,0.33965784,-0.19167714,,-0.06716832,0.32102746,-0.12691845,-0.08795972,-0.6456548,-0.836882
2024-01-09,-0.2842580568684435,0.36350542,0.46284726,-0.5429729,,-0.02548001,0.26488003,0.3607809,-0.34311202,,-0.072948344,0.28808108,-0.12032331,-0.054577567,-0.6407635,-0.71168584
2024-01-10,-0.08728223387870379,0.3524607,0.48627594,-0.5110153,,-0.02574556,0.31716043,0.38965455,-0.4210618,,-0.066348806,0.28954822,-0.11752879,-0.02973172,-0.49170032,-0.6527102
2024-01-11,-1.0237150829912804,0.38243768,0.5153229,-0.51885664,,-0.022068422,0.325453,0.41690525,-0.43992743,,-0.053344883,0.32305798,-0.12563385,-0.03332723,-0.33034974,-0.7166977
2024-01-12,-0.8252399865519511,0.43219322,0.5368231,-0.5625316,,-0.009922161,0.30713263,0.42693987,-0.45163646,,-0.03847865,0.32604924,-0.14186007,-0.049719602,-0.27486384,-0.70247716
2024-01-15,0.31367251052126194,0.4826458,0.5405152,-0.560079,,-0.001766826,0.3115231,0.42257226,-0.42102548,,-0.0086370595,0.37050727,-0.13818958,-0.04970514,-0.25900397,-0.6688228
2024-01-16,2.038453831916165,0.47420654,0.556315,-0.5359086,,0.012786918,0.28870875,0.40104705,-0.3754849,,0.0015563974,0.41277415,-0.14357467,-0.056081936,-0.3618935,-0.74451643
2024-01-17,0.5157967733744485,0.414554,0.58284247,-0.5307565,,0.027724471,0.25930777,0.36787748,-0.3739438,,-0.0035931123,0.45455927,-0.1744179,-0.083404474,-0.5641015,-0.74646837
2024-01-18,-0.6586762465269093,0.30647916,0.6784624,-0.5654021,,0.057207122,0.18521869,0.32680252,-0.40433878,,-0.014659263,0.50913984,-0.26677966,-0.18237472,-0.9689429,-0.88299304
2024-01-19,1.7308059548586692,0.20632629,0.71838725,-0.5794968,,0.06275879,0.19475591,0.30098566,-0.3975538,,-0.020332748,0.48902312,-0.2355555,-0.17981559,-1.2701887,-0.839967
2024-01-23,-0.9046517845535625,0.17719741,0.7869447,-0.57053584,,0.059645176,0.21453291,0.300633,-0.34654725,,-0.030976553,0.483186,-0.22623017,-0.1865408,-1.3568293,-0.8230562
2024-01-24,0.48157129986087843,0.2121706,0.84975505,-0.5001816,,0.037032228,0.26075613,0.33040172,-0.2569898,,-0.045154564,0.45925647,-0.20290858,-0.18904667,-0.98491806,-0.8579824
2024-01-25,-1.6254817888465982,0.28824574,0.9270628,-0.4962139,,0.017989753,0.2518783,0.3693591,-0.1535118,,-0.06338951,0.46231622,-0.23044567,-0.21946125,-0.4860772,-0.97283095
2024-01-29,0.9756894222856619,0.3224345,0.9720999,-0.51963073,,-0.0065425234,0.20483068,0.40136248,-0.04297612,,-0.08016379,0.44302362,-0.18958451,-0.22361253,-0.24026233,-1.0004021
2024-01-30,-0.8430089023072681,0.2924598,0.99495345,-0.5598694,,-0.04585554,0.18401015,0.4250279,0.09487152,,-0.09298696,0.39279756,-0.14453411,-0.17531084,-0.25797498,-0.88018465
2024-01-31,0.1583995319727594,0.2512335,1.0215063,-0.5740387,,-0.08836579,0.16777998,0.43227553,0.2217437,,-0.1056422,0.30386177,-0.097583555,-0.15479013,-0.49588886,-0.8517164
2024-02-01,-0.635008866583321,0.2515539,1.0392234,-0.57398456,,-0.11155887,0.16083825,0.4238806,0.29953182,,-0.11795188,0.29571742,-0.023731912,-0.14837536,-0.96016294,-0.9166702
2024-02-02,0.3900511789934726,0.28131258,1.0357399,-0.6026257,,-0.12351738,0.16508913,0.40490198,0.3169431,,-0.12640065,0.3204222,0.042850785,-0.1597166,-1.4483402,-0.9044211
2024-02-05,-0.6384689797587781,0.34530365,1.0176326,-0.6077842,,-0.12174751,0.2005234,0.3949038,0.27081358,,-0.13001966,0.36696854,0.14889361,-0.14411001,-1.5590913,-0.7536722
2024-02-06,0.031537855577828046,0.4002311,0.98963875,-0.6215302,,-0.15418749,0.27399525,0.3926189,0.20998646,,-0.1264008,0.39467502,0.22895887,-0.11149331,-1.1902399,-0.6347842
2024-02-07,0.9544767750327805,0.4045165,0.9620725,-0.6082886,,-0.18571903,0.33269066,0.39600283,0.10175963,,-0.12737757,0.394937,0.26403725,-0.08520665,-0.49290016,-0.6914061
2024-02-08,-0.24179539139658632,0.36781663,0.9343596,-0.58551776,,-0.20975517,0.36660546,0.4058286,-0.083094575,,-0.13290349,0.3943421,0.28854254,-0.07692801,-0.065914914,-0.71147
2024-02-09,0.7587044497781404,0.31597733,0.9117087,-0.5959222,,-0.22275145,0.3854534,0.4088315,-0.261327,,-0.14056486,0.36589515,0.2776223,-0.09051999,0.030125678,-0.6302129
2024-02-12,-0.5126280940536121,0.29220814,0.8911767,-0.60160893,,-0.2248019,0.40062416,0.41125897,-0.41053694,,-0.14783347,0.33519667,0.24113642,-0.089829125,0.0015507853,-0.56753296
2024-02-13,-0.37960612740769273,0.32654777,0.86013305,-0.5801913,,-0.21481809,0.42269945,0.40530372,-0.515589,,-0.15210438,0.28676558,0.18835469,-0.07573995,-0.122763656,-0.5415862
2024-02-14,-0.2664959197837195,0.38778228,0.85731274,-0.62029535,,-0.19471446,0.44710675,0.39352062,-0.587801,,-0.15121138,0.23444064,0.08094777,-0.07499824,-0.36823797,-0.5326161
2024-02-15,-0.5169270712907764,0.42720625,0.83979744,-0.59745747,,-0.18387435,0.4710375,0.39076647,-0.62382597,,-0.14847526,0.17233787,0.016535029,-0.06406193,-0.63538086,-0.51601446
2024-02-16,-0.30962435588493037,0.40297788,0.8450871,-0.56082034,,-0.15977053,0.47523555,0.38456842,-0.64582056,,-0.13643536,0.18772481,-0.025386887,-0.076417215,-0.84289074,-0.6456562
2024-02-19,-0.27949991211916614,0.31492433,0.8483587,-0.5658107,,-0.12616616,0.47126415,0.37158522,-0.64994264,,-0.11805879,0.19719064,-0.0738147,-0.08841922,-0.87610024,-0.89177585
2024-02-20,0.639883995141167,0.24960661,0.848143,-0.5342703,,-0.10631905,0.4661332,0.35871243,-0.6205333,,-0.102237836,0.23626663,-0.07324199,-0.081577644,-0.6078818,-1.0340365
2024-02-21,-0.6495576615180799,0.20618911,0.87152994,-0.5427192,,-0.088429175,0.46619412,0.354536,-0.57095104,,-0.085428186,0.28195944,-0.10771258,-0.101557896,-0.22311606,-1.0580276
2024-02-22,0.0563054897919333,0.18760559,0.8913223,-0.57825965,,-0.06411158,0.48442718,0.36019945,-0.51520276,,-0.06673322,0.31163138,-0.13578609,-0.1092651,-0.070200846,-0.91538334
2024-02-23,0.4206964717497845,0.23217325,0.9036523,-0.6207141,,-0.046306856,0.50050586,0.38777485,-0.43511456,,-0.05442238,0.35991824,-0.124002375,-0.10096929,-0.0711274,-0.79153347
2024-02-26,-0.28624086987964725,0.30384415,0.9266347,-0.64233196,,-0.033708815,0.50090474,0.41422796,-0.30821678,,-0.04682917,0.42350447,-0.110051274,-0.09564197,-0.19153589,-0.7835543
2024-02-27,1.0928153197981119,0.34715343,0.9383093,-0.670544,,-0.019057676,0.5223817,0.42427027,-0.16585563,,-0.039163332,0.49354932,-0.0857997,-0.07398192,-0.43644473,-0.81432647
2024-02-28,-0.0988423804034562,0.35139632,0.93054026,-0.6792074,,-0.012004637,0.53146994,0.4339369,-0.036061294,,-0.03652347,0.52633476,-0.06893514,-0.055134043,-0.74002767,-0.7791912
2024-02-29,-1.4587499805145294,0.3368731,0.9298477,-0.6811625,,-0.0100817075,0.52181756,0.42898887,0.08763883,,-0.037037656,0.5253792,-0.056920007,-0.048102997,-0.82044345,-0.837762
2024-03-01,-0.2436894735814944,0.30194765,0.90840316,-0.67073184,,-0.0023939265,0.5153611,0.4252397,0.15627067,,-0.033664413,0.47704944,-0.041255757,-0.041099954,-0.7157073,-0.7192843
2024-03-04,0.24313549231293516,0.32708898,0.8876439,-0.6754729,,0.013576113,0.489533,0.41932416,0.19546402,,-0.025289316,0.4309357,-0.029779231,-0.031407,-0.7207281,-0.70064545
2024-03-05,-0.4553322470646105,0.3903768,0.8463585,-0.6568984,,0.03291725,0.49406987,0.41115606,0.1670343,,-0.016346937,0.31140214,-0.0047428077,-0.0058217766,-0.70388234,-0.72518706
2024-03-06,-0.045094455257758556,0.44979808,0.82717025,-0.6714031,,0.05208345,0.505149,0.39982647,0.046449922,,-0.0052492255,0.18793249,-0.017542291,0.0041780416,-0.6992052,-0.80119604
2024-03-07,0.7122108916192184,0.43082106,0.8440719,-0.72157604,,0.0853382,0.49991798,0.37211442,-0.07469464,,0.01830937,0.02716447,0.003027549,-0.06593594,-0.78497833,-0.8044247
2024-03-11,0.023435331832733292,0.34786248,0.8824349,-0.7510527,,0.1332404,0.4615794,0.34134734,-0.2927035,,0.060531277,-0.022378415,0.006467086,-0.13477279,-0.9360457,-0.8684484
2024-03-12,1.4778568567099486,0.24690855,0.8879788,-0.69434655,,0.17335382,0.47301182,0.32892954,-0.45812774,,0.11586167,-0.021055397,0.031041661,-0.1067716,-0.99396425,-0.917551
2024-03-13,-0.5947814219143452,0.2110623,0.9597325,-0.6996973,,0.23891342,0.43981817,0.33842725,-0.5608651,,0.19251287,0.09367372,-0.04130519,-0.13623898,-1.0951155,-1.0375651
2024-03-14,0.5615238222818476,0.26215675,0.99566025,-0.7027317,,0.2985522,0.44620767,0.3649202,-0.5797597,,0.26175714,0.1765818,-0.025608005,-0.13967295,-1.0287193,-1.0404209
2024-03-15,-0.10137031706439863,0.3462632,1.0454133,-0.6923188,,0.35842824,0.46103734,0.39045715,-0.51409245,,0.3180723,0.27536744,0.001897607,-0.15552704,-0.898429,-0.9559067
2024-03-18,1.0608052386123088,0.38341066,1.0629649,-0.66557664,,0.3868224,0.4814233,0.41190162,-0.38415086,,0.3347158,0.31990144,0.024788236,-0.13931735,-0.74450624,-0.8953854
2024-03-19,-0.05677017346963769,0.35456988,1.0702046,-0.68047374,,0.40228322,0.46626768,0.425921,-0.2123302,,0.3250324,0.35111535,0.03965795,-0.11298386,-0.67259896,-0.89635694
2024-03-20,-0.700506949733973,0.29055402,1.0734425,-0.6927704,,0.35159266,0.4321439,0.4217485,-0.030202264,,0.26595503,0.36695915,0.05970393,-0.09864936,-0.67172766,-0.7851326
2024-03-21,-0.3238230344242502,0.24581054,1.0619748,-0.6984053,,0.24721053,0.41101506,0.4097475,0.13588078,,0.18156478,0.39547715,0.07320551,-0.09017895,-0.6816813,-0.75093555
2024-03-22,0.42872605376431466,0.26675794,1.0266843,-0.7394724,,0.07826037,0.42336282,0.4038549,0.23710391,,0.06852919,0.43916184,0.092196375,-0.068169996,-0.6316601,-0.76064086
2024-03-26,-0.4682119272248806,0.3256679,0.9868032,,,-0.068251416,0.42057723,0.39720303,0.25773042,,-0.023453947,0.470645,0.10114723,-0.058885664,-0.52649844,-0.78271234
